closingPrice,securityId,securityName,symbol,turnover,fetched_at,date,source_endpoint
1689.0,2881,Nepal Reinsurance Company Limited,NRIC,654403822.1,2025-08-30 12:59:55.104237,2025-08-30,TopTenTurnoverScrips
1030.1,9234,Himalayan Reinsurance Limited,HRL,606949761.0,2025-08-30 12:59:55.104237,2025-08-30,TopTenTurnoverScrips
1419.0,235,Himalayan Distillery Limited,HDL,350421793.4,2025-08-30 12:59:55.104237,2025-08-30,TopTenTurnoverScrips
626.0,2809,SHIVAM CEMENTS LTD,SHIVM,224232198.4,2025-08-30 12:59:55.104237,2025-08-30,TopTenTurnoverScrips
580.0,2760,United Modi Hydropower Ltd.,UMHL,194948992.2,2025-08-30 12:59:55.104237,2025-08-30,TopTenTurnoverScrips
1052.0,2917,Chandragiri Hills Limited,CGH,189023634.0,2025-08-30 12:59:55.104237,2025-08-30,TopTenTurnoverScrips
551.0,358,Lumbini Bikas Bank Ltd.,LBBL,173785033.7,2025-08-30 12:59:55.104237,2025-08-30,TopTenTurnoverScrips
402.9,2743,Ngadi Group Power Ltd.,NGPL,152567004.0,2025-08-30 12:59:55.104237,2025-08-30,TopTenTurnoverScrips
268.5,2757,Arun Kabeli Power Ltd.,AKPL,146930020.3,2025-08-30 12:59:55.104237,2025-08-30,TopTenTurnoverScrips
834.0,153,Butwal Power Company Limited,BPCL,140817308.0,2025-08-30 12:59:55.104237,2025-08-30,TopTenTurnoverScrips
844.0,559,NLG Insurance Company Ltd.,NLG,135843124.0,2025-08-30 12:59:55.104237,2025-08-30,TopTenTurnoverScrips
308.0,2934,Singati Hydro Energy Limited,SHEL,131989029.8,2025-08-30 12:59:55.104237,2025-08-30,TopTenTurnoverScrips
760.1,2776,Radhi Bidyut Company Ltd,RADHI,128063153.5,2025-08-30 12:59:55.104237,2025-08-30,TopTenTurnoverScrips
586.0,8005,Mailung Khola Jal Vidhyut Company Limited,MKJC,115087143.4,2025-08-30 12:59:55.104237,2025-08-30,TopTenTurnoverScrips
527.0,459,Kamana Sewa Bikas Bank Limited,KSBBL,113425194.9,2025-08-30 12:59:55.104237,2025-08-30,TopTenTurnoverScrips
391.2,2831,Union Hydropower Limited,UNHPL,98103363.7,2025-08-30 12:59:55.104237,2025-08-30,TopTenTurnoverScrips
2134.1,2898,NRN Infrastructure and Development Limited,NRN,91373406.9,2025-08-30 12:59:55.104237,2025-08-30,TopTenTurnoverScrips
447.5,474,Muktinath Bikas Bank Ltd.,MNBBL,90705316.8,2025-08-30 12:59:55.104237,2025-08-30,TopTenTurnoverScrips
563.5,591,Sanima Mai Hydropower Ltd.,SHPC,85637115.7,2025-08-30 12:59:55.104237,2025-08-30,TopTenTurnoverScrips
885.1,490,First Micro Finance Laghubitta Bittiya Sanstha Limited,FMDBL,81688671.3,2025-08-30 12:59:55.104237,2025-08-30,TopTenTurnoverScrips
237.0,2903,Liberty Energy Company Limited,LEC,81324447.3,2025-08-30 12:59:55.104237,2025-08-30,TopTenTurnoverScrips
569.0,8045,Green Ventures Limited,GVL,80401570.9,2025-08-30 12:59:55.104237,2025-08-30,TopTenTurnoverScrips
860.0,149,Oriental Hotels Limited,OHL,79218566.3,2025-08-30 12:59:55.104237,2025-08-30,TopTenTurnoverScrips
201.0,142,Kumari Bank Limited,KBL,78202786.7,2025-08-30 12:59:55.104237,2025-08-30,TopTenTurnoverScrips
649.0,8021,Sahas Urja Limited,SAHAS,74990776.1,2025-08-30 12:59:55.104237,2025-08-30,TopTenTurnoverScrips
537.0,9183,Nepal Republic Media Limited,NRM,73426119.1,2025-08-30 12:59:55.104237,2025-08-30,TopTenTurnoverScrips
2583.0,3946,CEDB Holdings Limited,CHDC,71929715.9,2025-08-30 12:59:55.104237,2025-08-30,TopTenTurnoverScrips
391.5,2810,UNIVERSAL POWER COMPANY LTD,UPCL,71651217.9,2025-08-30 12:59:55.104237,2025-08-30,TopTenTurnoverScrips
1264.9,9213,Hathway Investment Nepal Limited,HATHY,70301860.8,2025-08-30 12:59:55.104237,2025-08-30,TopTenTurnoverScrips
279.8,2919,Nepal Infrastructure Bank Limited,NIFRA,69827840.7,2025-08-30 12:59:55.104237,2025-08-30,TopTenTurnoverScrips
747.0,137,Everest Bank Limited,EBL,60081358.7,2025-08-30 12:59:55.104237,2025-08-30,TopTenTurnoverScrips
204.2,8111,Hydorelectricity Investment and Development Company Limited Promoter,HIDCLP,56473484.6,2025-08-30 12:59:55.104237,2025-08-30,TopTenTurnoverScrips
400.0,2759,Synergy Power Development Ltd.,SPDL,54421407.9,2025-08-30 12:59:55.104237,2025-08-30,TopTenTurnoverScrips
376.9,145,Siddhartha Bank Limited,SBL,53169057.7,2025-08-30 12:59:55.104237,2025-08-30,TopTenTurnoverScrips
432.0,472,Shangrila Development Bank Ltd.,SADBL,53141804.8,2025-08-30 12:59:55.104237,2025-08-30,TopTenTurnoverScrips
432.9,417,Garima Bikas Bank Limited,GBBL,52310941.1,2025-08-30 12:59:55.104237,2025-08-30,TopTenTurnoverScrips
985.0,2761,Samata Gharelu Laghubitta Bittiya Sanstha Limited,SMATA,51436263.1,2025-08-30 12:59:55.104237,2025-08-30,TopTenTurnoverScrips
1070.0,164,Chhimek Laghubitta Bittiya Sanstha Limited,CBBL,51159356.8,2025-08-30 12:59:55.104237,2025-08-30,TopTenTurnoverScrips
291.1,360,Arun Valley Hydropower Development Co. Ltd.,AHPC,50937768.6,2025-08-30 12:59:55.104237,2025-08-30,TopTenTurnoverScrips
561.5,147,Soaltee Hotel Limited,SHL,49633184.1,2025-08-30 12:59:55.104237,2025-08-30,TopTenTurnoverScrips
920.0,574,Sana Kisan Bikas Laghubitta Bittiya Sanstha Limited,SKBBL,48240753.8,2025-08-30 12:59:55.104237,2025-08-30,TopTenTurnoverScrips
564.0,8075,Bindhyabasini Hydropower Development Company Limited,BHDC,48133041.8,2025-08-30 12:59:55.104237,2025-08-30,TopTenTurnoverScrips
575.0,2787,Kalika power Company Ltd,KPCL,47483533.2,2025-08-30 12:59:55.104237,2025-08-30,TopTenTurnoverScrips
367.2,171,Sanima Bank Limited,SANIMA,46203242.9,2025-08-30 12:59:55.104237,2025-08-30,TopTenTurnoverScrips
529.0,131,Nabil Bank Limited,NABIL,44571924.6,2025-08-30 12:59:55.104237,2025-08-30,TopTenTurnoverScrips
287.5,2742,Hydorelectricity Investment and Development Company Ltd,HIDCL,44086393.3,2025-08-30 12:59:55.104237,2025-08-30,TopTenTurnoverScrips
1024.0,2807,Asha Laghubitta Bittiya Sanstha Ltd,ALBSL,42943764.4,2025-08-30 12:59:55.104237,2025-08-30,TopTenTurnoverScrips
479.0,9199,Reliable Nepal Life Insurance Limited,RNLI,41969158.9,2025-08-30 12:59:55.104237,2025-08-30,TopTenTurnoverScrips
294.0,697,Api Power Company Ltd.,API,41966757.2,2025-08-30 12:59:55.104237,2025-08-30,TopTenTurnoverScrips
397.0,401,Mahalaxmi Bikas Bank Ltd.,MLBL,41582872.9,2025-08-30 12:59:55.104237,2025-08-30,TopTenTurnoverScrips
915.0,9242,Sarbottam Cement Limited,SARBTM,41376168.6,2025-08-30 12:59:55.104237,2025-08-30,TopTenTurnoverScrips
2248.9,2774,Unnati Sahakarya Laghubitta Bittiya Sanstha Limited,USLB,40108165.4,2025-08-30 12:59:55.104237,2025-08-30,TopTenTurnoverScrips
251.6,341,Global IME Bank Limited,GBIME,37063219.3,2025-08-30 12:59:55.104237,2025-08-30,TopTenTurnoverScrips
848.0,2860,Saptakoshi Development Bank Ltd,SAPDBL,36384601.2,2025-08-30 12:59:55.104237,2025-08-30,TopTenTurnoverScrips
630.6,2913,Mountain Energy Nepal Limited,MEN,35292360.6,2025-08-30 12:59:55.104237,2025-08-30,TopTenTurnoverScrips
399.0,2786,Panchakanya Mai Hydropower Ltd,PMHPL,34498245.6,2025-08-30 12:59:55.104237,2025-08-30,TopTenTurnoverScrips
851.9,307,Nepal Doorsanchar Company Limited,NTC,32350190.5,2025-08-30 12:59:55.104237,2025-08-30,TopTenTurnoverScrips
211.2,132,Nepal Investment Mega Bank Limited,NIMB,32252566.9,2025-08-30 12:59:55.104237,2025-08-30,TopTenTurnoverScrips
236.5,2806,Ghalemdi Hydro Limited,GHL,31411008.0,2025-08-30 12:59:55.104237,2025-08-30,TopTenTurnoverScrips
407.0,393,Himalayan Life Insurance Limited,HLI,29023765.9,2025-08-30 12:59:55.104237,2025-08-30,TopTenTurnoverScrips
588.0,179,Himalayan Everest Insurance Limited,HEI,29005450.9,2025-08-30 12:59:55.104237,2025-08-30,TopTenTurnoverScrips
198.3,8055,Balephi Hydropower Limited,BHL,28261387.4,2025-08-30 12:59:55.104237,2025-08-30,TopTenTurnoverScrips
525.0,180,United Ajod Insurance Limited,UAIL,27564782.6,2025-08-30 12:59:55.104237,2025-08-30,TopTenTurnoverScrips
430.0,473,Shine Resunga Development Bank Ltd.,SHINE,26991195.7,2025-08-30 12:59:55.104237,2025-08-30,TopTenTurnoverScrips
1170.0,2744,Green Development Bank Ltd.,GRDBL,26921802.3,2025-08-30 12:59:55.104237,2025-08-30,TopTenTurnoverScrips
893.0,166,Deprosc Laghubitta Bittiya Sanstha Limited,DDBL,26710476.7,2025-08-30 12:59:55.104237,2025-08-30,TopTenTurnoverScrips
522.0,8102,Mandakini Hydropower Limited,MHL,26605391.7,2025-08-30 12:59:55.104237,2025-08-30,TopTenTurnoverScrips
870.0,9262,Trade Tower Limited,TTL,26603472.0,2025-08-30 12:59:55.104237,2025-08-30,TopTenTurnoverScrips
212.2,255,Prabhu  Bank Limited,PRVU,25287318.3,2025-08-30 12:59:55.104237,2025-08-30,TopTenTurnoverScrips
828.0,182,Siddhartha Premier Insurance Limited,SPIL,24967541.4,2025-08-30 12:59:55.104237,2025-08-30,TopTenTurnoverScrips
784.5,187,Nepal Life Insurance Co. Ltd.,NLIC,24742285.2,2025-08-30 12:59:55.104237,2025-08-30,TopTenTurnoverScrips
1242.5,2832,Infinity Laghubitta Bittiya Sanstha Limited,ILBS,24378130.0,2025-08-30 12:59:55.104237,2025-08-30,TopTenTurnoverScrips
337.5,418,Jyoti Bikas Bank Limited,JBBL,24300853.6,2025-08-30 12:59:55.104237,2025-08-30,TopTenTurnoverScrips
196.9,2880,Himal Dolakha Hydropower Company Limited,HDHPC,24159434.7,2025-08-30 12:59:55.104237,2025-08-30,TopTenTurnoverScrips
686.7,516,Manjushree Finance Ltd.,MFIL,23821736.8,2025-08-30 12:59:55.104237,2025-08-30,TopTenTurnoverScrips
787.0,184,Prabhu Insurance Ltd.,PRIN,23670153.3,2025-08-30 12:59:55.104237,2025-08-30,TopTenTurnoverScrips
304.5,2841,RASUWAGADHI HYDROPOWER COMPANY LIMITED,RHPL,23385838.7,2025-08-30 12:59:55.104237,2025-08-30,TopTenTurnoverScrips
510.1,154,Chilime Hydropower Company Limited,CHCL,23359321.0,2025-08-30 12:59:55.104237,2025-08-30,TopTenTurnoverScrips
650.0,274,Excel Development Bank Ltd.,EDBL,22662006.6,2025-08-30 12:59:55.104237,2025-08-30,TopTenTurnoverScrips
245.9,610,Ridi Power Company Limited,RIDI,22609660.6,2025-08-30 12:59:55.104237,2025-08-30,TopTenTurnoverScrips
351.0,139,NIC Asia Bank Ltd.,NICA,22397074.1,2025-08-30 12:59:55.104237,2025-08-30,TopTenTurnoverScrips
453.5,9216,Sonapur Minerals And Oil Limited,SONA,22200953.9,2025-08-30 12:59:55.104237,2025-08-30,TopTenTurnoverScrips
193.3,2792,Upper Tamakoshi Hydropower Ltd,UPPER,22091093.2,2025-08-30 12:59:55.104237,2025-08-30,TopTenTurnoverScrips
326.0,397,Agricultural Development Bank Limited,ADBL,21736108.5,2025-08-30 12:59:55.104237,2025-08-30,TopTenTurnoverScrips
1635.1,9230,Muktinath Krishi Company Limited,MKCL,21729599.2,2025-08-30 12:59:55.104237,2025-08-30,TopTenTurnoverScrips
859.0,1741,Mero Microfinance Bittiya Sanstha Ltd.,MERO,21564333.0,2025-08-30 12:59:55.104237,2025-08-30,TopTenTurnoverScrips
104.0,544,Prime Commercial Bank Promoter Share,PCBLP,20907640.0,2025-08-30 12:59:55.104237,2025-08-30,TopTenTurnoverScrips
251.0,238,NMB Bank Limited,NMB,20730968.8,2025-08-30 12:59:55.104237,2025-08-30,TopTenTurnoverScrips
358.0,686,Barun Hydropower Co. Ltd.,BARUN,20055505.6,2025-08-30 12:59:55.104237,2025-08-30,TopTenTurnoverScrips
1927.0,210,Citizen Investment Trust,CIT,19955098.9,2025-08-30 12:59:55.104237,2025-08-30,TopTenTurnoverScrips
568.9,9267,Bikash Hydropower Company Limited,BHCL,19892587.0,2025-08-30 12:59:55.104237,2025-08-30,TopTenTurnoverScrips
625.3,371,Miteri Development Bank Limited,MDB,19769569.8,2025-08-30 12:59:55.104237,2025-08-30,TopTenTurnoverScrips
253.0,517,Nepal Bank Limited,NBL,19433399.3,2025-08-30 12:59:55.104237,2025-08-30,TopTenTurnoverScrips
672.0,273,ICFC Finance Limited,ICFC,19285432.5,2025-08-30 12:59:55.104237,2025-08-30,TopTenTurnoverScrips
602.0,178,National Life Insurance Co. Ltd.,NLICL,19225294.9,2025-08-30 12:59:55.104237,2025-08-30,TopTenTurnoverScrips
696.0,9263,Sanvi Energy Limited,SANVI,19218534.2,2025-08-30 12:59:55.104237,2025-08-30,TopTenTurnoverScrips
1404.2,9250,Nepal Micro Insurance Company Limited,NMIC,19193678.0,2025-08-30 12:59:55.104237,2025-08-30,TopTenTurnoverScrips
261.0,2811,Mountain Hydro Nepal Limited,MHNL,18938615.8,2025-08-30 12:59:55.104237,2025-08-30,TopTenTurnoverScrips
207.1,152,National Hydro Power Company Limited,NHPC,18801328.4,2025-08-30 12:59:55.104237,2025-08-30,TopTenTurnoverScrips
1230.0,9252,Crest Micro Life Insurance Limited,CREST,18677240.5,2025-08-30 12:59:55.104237,2025-08-30,TopTenTurnoverScrips
493.9,2767,Himalayan Power Partner Ltd.,HPPL,18377324.0,2025-08-30 12:59:55.104237,2025-08-30,TopTenTurnoverScrips
1325.0,9256,Om Megashree Pharmaceuticals Limited,OMPL,17926586.6,2025-08-30 12:59:55.104237,2025-08-30,TopTenTurnoverScrips
234.5,141,Laxmi Sunrise Bank Limited,LSL,17355499.8,2025-08-30 12:59:55.104237,2025-08-30,TopTenTurnoverScrips
601.5,2914,United IDI Mardi RB Hydropower Limited.,UMRH,17083111.0,2025-08-30 12:59:55.104237,2025-08-30,TopTenTurnoverScrips
688.1,2748,RSDC Laghubitta Bittiya Sanstha Ltd.,RSDC,16963304.6,2025-08-30 12:59:55.104237,2025-08-30,TopTenTurnoverScrips
267.0,2924,GreenLife Hydropower Limited,GLH,16945031.7,2025-08-30 12:59:55.104237,2025-08-30,TopTenTurnoverScrips
209.0,134,Himalayan Bank Limited,HBL,16728255.17,2025-08-30 12:59:55.104237,2025-08-30,TopTenTurnoverScrips
491.0,9193,Ghorahi Cement Industry Limited,GCIL,16707894.3,2025-08-30 12:59:55.104237,2025-08-30,TopTenTurnoverScrips
830.0,8126,Sikles Hydropower Limited,SIKLES,16536886.5,2025-08-30 12:59:55.104237,2025-08-30,TopTenTurnoverScrips
204.0,2788,Ankhu Khola Jalvidhyut Company Ltd,AKJCL,16495473.1,2025-08-30 12:59:55.104237,2025-08-30,TopTenTurnoverScrips
281.0,8070,Dordi Khola Jal Bidyut Company Limited,DORDI,16472719.6,2025-08-30 12:59:55.104237,2025-08-30,TopTenTurnoverScrips
802.0,172,Narayani Development Bank Limited,NABBC,16368113.0,2025-08-30 12:59:55.104237,2025-08-30,TopTenTurnoverScrips
680.5,194,Nepal Finance Ltd.,NFS,16174848.3,2025-08-30 12:59:55.104237,2025-08-30,TopTenTurnoverScrips
710.0,185,Sagarmatha Lumbini Insurance Co. Limited,SALICO,15923633.1,2025-08-30 12:59:55.104237,2025-08-30,TopTenTurnoverScrips
1493.0,4951,Jeevan Bikas Laghubitta  Bittya Sanstha Ltd,JBLB,15410889.9,2025-08-30 12:59:55.104237,2025-08-30,TopTenTurnoverScrips
2090.0,9246,Guardian Micro Life Insurance Limited ,GMLI,15370637.6,2025-08-30 12:59:55.104237,2025-08-30,TopTenTurnoverScrips
912.0,9258,Pure Energy Limited,PURE,15329476.5,2025-08-30 12:59:55.104237,2025-08-30,TopTenTurnoverScrips
255.0,357,Prime Commercial Bank Ltd.,PCBL,15255041.0,2025-08-30 12:59:55.104237,2025-08-30,TopTenTurnoverScrips
1509.0,2804,Samudayik Laghubitta Bittiya Sanstha Limited,SLBSL,14978757.4,2025-08-30 12:59:55.104237,2025-08-30,TopTenTurnoverScrips
239.0,2824,Himalaya Urja Bikas Company Limited,HURJA,14784968.1,2025-08-30 12:59:55.104237,2025-08-30,TopTenTurnoverScrips
788.0,163,Nirdhan Utthan Laghubitta Bittiya Sanstha Limited,NUBL,14619224.8,2025-08-30 12:59:55.104237,2025-08-30,TopTenTurnoverScrips
914.0,9146,Super Madi Hydropower Limited,SMHL,14228583.8,2025-08-30 12:59:55.104237,2025-08-30,TopTenTurnoverScrips
1290.0,2746,National Laghubitta Bittiya Sanstha Limited,NMFBS,14080851.7,2025-08-30 12:59:55.104237,2025-08-30,TopTenTurnoverScrips
373.0,8076,Himalayan Hydropower Limited,HHL,13370498.6,2025-08-30 12:59:55.104237,2025-08-30,TopTenTurnoverScrips
472.9,9201,Sun Nepal Life Insurance Company Limited,SNLI,13126794.6,2025-08-30 12:59:55.104237,2025-08-30,TopTenTurnoverScrips
569.8,2908,Sanima GIC Insurance Limited,SGIC,13120053.5,2025-08-30 12:59:55.104237,2025-08-30,TopTenTurnoverScrips
453.9,9184,IME Life Insurance Company Limited,ILI,12691752.5,2025-08-30 12:59:55.104237,2025-08-30,TopTenTurnoverScrips
512.9,9156,Sanima Middle Tamor Hydropower Limited,TAMOR,12527420.9,2025-08-30 12:59:55.104237,2025-08-30,TopTenTurnoverScrips
250.4,140,Machhapuchhre Bank Limited,MBL,12490787.4,2025-08-30 12:59:55.104237,2025-08-30,TopTenTurnoverScrips
475.0,8104,Upper Solu Hydro Electric Company Limited,USHEC,12283504.7,2025-08-30 12:59:55.104237,2025-08-30,TopTenTurnoverScrips
1474.0,2768,Mahuli Laghubitta Bittiya Sanstha Limited,MSLB,12282847.8,2025-08-30 12:59:55.104237,2025-08-30,TopTenTurnoverScrips
285.6,2766,Chhyangdi Hydropower Ltd.,CHL,11784434.4,2025-08-30 12:59:55.104237,2025-08-30,TopTenTurnoverScrips
866.5,268,Swabalamban Laghubitta Bittiya Sanstha Limited,SWBBL,11783880.5,2025-08-30 12:59:55.104237,2025-08-30,TopTenTurnoverScrips
602.0,9173,City Hotel Limited,CITY,11278906.4,2025-08-30 12:59:55.104237,2025-08-30,TopTenTurnoverScrips
403.1,5982,Sanima Reliance Life Insurance Limited,SRLI,11255879.8,2025-08-30 12:59:55.104237,2025-08-30,TopTenTurnoverScrips
209.8,348,Citizens Bank International Limited,CZBIL,11175393.3,2025-08-30 12:59:55.104237,2025-08-30,TopTenTurnoverScrips
190.0,2907,Shiva Shree Hydropower Ltd,SSHL,11084444.0,2025-08-30 12:59:55.104237,2025-08-30,TopTenTurnoverScrips
377.0,8100,Swet-Ganga Hydropower & Construction Limited ,SGHC,10877629.0,2025-08-30 12:59:55.104237,2025-08-30,TopTenTurnoverScrips
966.0,545,Swarojgar Laghubitta Bittiya Sanstha Ltd.,SLBBL,10824121.4,2025-08-30 12:59:55.104237,2025-08-30,TopTenTurnoverScrips
299.0,9179,Modi Energy Limited,MEL,10655224.9,2025-08-30 12:59:55.104237,2025-08-30,TopTenTurnoverScrips
852.0,9194,Three Star Hydropower Limited,TSHL,10532658.2,2025-08-30 12:59:55.104237,2025-08-30,TopTenTurnoverScrips
947.0,2896,Sampada Laghubitta Bittiya Sanstha Limited,SMPDA,10522875.6,2025-08-30 12:59:55.104237,2025-08-30,TopTenTurnoverScrips
300.0,8108,Rapti Hydro And General Construction Limited,RHGCL,10141671.7,2025-08-30 12:59:55.104237,2025-08-30,TopTenTurnoverScrips
1297.0,705,Global IME Laghubitta Bittiya Sanstha Ltd.,GILB,10051167.2,2025-08-30 12:59:55.104237,2025-08-30,TopTenTurnoverScrips
518.5,8025,Samling Power Company Limited,SPC,10014833.3,2025-08-30 12:59:55.104237,2025-08-30,TopTenTurnoverScrips
474.0,9209,Citizen Life Insurance Company Limited,CLI,9817811.0,2025-08-30 12:59:55.104237,2025-08-30,TopTenTurnoverScrips
472.0,587,Reliance Finance Ltd.,RLFL,9751488.4,2025-08-30 12:59:55.104237,2025-08-30,TopTenTurnoverScrips
754.9,561,Sindhu Bikash Bank Ltd,SINDU,9722191.4,2025-08-30 12:59:55.104237,2025-08-30,TopTenTurnoverScrips
499.0,227,Best Finance Company Ltd.,BFC,9698274.4,2025-08-30 12:59:55.104237,2025-08-30,TopTenTurnoverScrips
830.0,2784,Nadep Laghubittiya bittya Sanstha Ltd.,NADEP,9676759.4,2025-08-30 12:59:55.104237,2025-08-30,TopTenTurnoverScrips
496.5,385,Asian Life Insurance Co. Limited,ALICL,9664370.7,2025-08-30 12:59:55.104237,2025-08-30,TopTenTurnoverScrips
1726.0,8065,CYC Nepal Laghubitta Bittiya Sanstha Limited,CYCL,9625944.5,2025-08-30 12:59:55.104237,2025-08-30,TopTenTurnoverScrips
596.0,8099,Upper Hewakhola Hydropower Company Limited,UHEWA,9607593.5,2025-08-30 12:59:55.104237,2025-08-30,TopTenTurnoverScrips
1061.0,593,Kalika Laghubitta Bittiya Sanstha Ltd,KMCDB,9495856.7,2025-08-30 12:59:55.104237,2025-08-30,TopTenTurnoverScrips
11.3,9174,Prabhu Smart Fund,PRSF,9180042.47,2025-08-30 12:59:55.104237,2025-08-30,TopTenTurnoverScrips
390.0,135,Nepal SBI Bank Limited,SBI,8874313.7,2025-08-30 12:59:55.104237,2025-08-30,TopTenTurnoverScrips
509.8,244,Shree Investment Finance Co. Ltd.,SIFC,8604139.8,2025-08-30 12:59:55.104237,2025-08-30,TopTenTurnoverScrips
572.0,9159,Sagarmatha Jalabidhyut Company Limited,SMJC,8601656.2,2025-08-30 12:59:55.104237,2025-08-30,TopTenTurnoverScrips
316.0,8031,Madhya Bhotekoshi Jalavidyut Company Limited,MBJC,8534859.5,2025-08-30 12:59:55.104237,2025-08-30,TopTenTurnoverScrips
505.0,245,Central Finance Co. Ltd.,CFCL,8500454.5,2025-08-30 12:59:55.104237,2025-08-30,TopTenTurnoverScrips
630.9,133,Standard Chartered Bank Limited,SCB,8377707.3,2025-08-30 12:59:55.104237,2025-08-30,TopTenTurnoverScrips
705.1,2769,Nepal Hydro Developers Ltd.,NHDL,8283747.8,2025-08-30 12:59:55.104237,2025-08-30,TopTenTurnoverScrips
737.9,2935,Ru Ru Jalbidhyut Pariyojana Limited,RURU,8162934.8,2025-08-30 12:59:55.104237,2025-08-30,TopTenTurnoverScrips
437.5,403,SuryaJyoti Life Insurance Company Limited,SJLIC,7880130.9,2025-08-30 12:59:55.104237,2025-08-30,TopTenTurnoverScrips
2874.0,4965,Samaj Laghubittya Bittiya Sanstha Limited,SAMAJ,7831689.0,2025-08-30 12:59:55.104237,2025-08-30,TopTenTurnoverScrips
531.0,186,IGI Prudential insurance Limited,IGI,7602226.4,2025-08-30 12:59:55.104237,2025-08-30,TopTenTurnoverScrips
566.0,8121,Sayapatri Hydropower Limited,SPHL,7569063.5,2025-08-30 12:59:55.104237,2025-08-30,TopTenTurnoverScrips
880.0,9233,Nepal Warehousing Company Limited ,NWCL,7514074.0,2025-08-30 12:59:55.104237,2025-08-30,TopTenTurnoverScrips
612.0,176,Nepal Insurance Co. Ltd.,NICL,7468494.2,2025-08-30 12:59:55.104237,2025-08-30,TopTenTurnoverScrips
960.0,148,Taragaon Regency Hotel Limited,TRH,7406149.5,2025-08-30 12:59:55.104237,2025-08-30,TopTenTurnoverScrips
517.1,8032,Buddha Bhumi Nepal Hydropower Company Limited,BNHC,7294096.4,2025-08-30 12:59:55.104237,2025-08-30,TopTenTurnoverScrips
715.0,9171,Bhugol Energy Development Company Limited,BEDC,7208059.0,2025-08-30 12:59:55.104237,2025-08-30,TopTenTurnoverScrips
455.1,256,Samriddhi Finance Company Limited,SFCL,7084514.0,2025-08-30 12:59:55.104237,2025-08-30,TopTenTurnoverScrips
736.0,192,Shikhar Insurance Co. Ltd.,SICL,7018029.9,2025-08-30 12:59:55.104237,2025-08-30,TopTenTurnoverScrips
10.16,9191,Citizens Super 30 Mutual Fund,C30MF,6876186.0,2025-08-30 12:59:55.104237,2025-08-30,TopTenTurnoverScrips
868.2,188,Life Insurance Corporation (Nepal) Limited,LICN,6795294.1,2025-08-30 12:59:55.104237,2025-08-30,TopTenTurnoverScrips
676.3,396,Nerude Mirmire Laghubitta Bittiya Sanstha Limited,NMLBBL,6763457.7,2025-08-30 12:59:55.104237,2025-08-30,TopTenTurnoverScrips
600.0,471,Multipurpose Finance Company  Limited,MPFL,6624508.9,2025-08-30 12:59:55.104237,2025-08-30,TopTenTurnoverScrips
11.46,2867,NMB 50,NMB50,6419106.5,2025-08-30 12:59:55.104237,2025-08-30,TopTenTurnoverScrips
777.0,583,Grameen Bikas Laghubitta Bittiya Sanstha Ltd.,GBLBS,6255797.6,2025-08-30 12:59:55.104237,2025-08-30,TopTenTurnoverScrips
1957.0,450,Corporate Development Bank Limited,CORBL,6214072.0,2025-08-30 12:59:55.104237,2025-08-30,TopTenTurnoverScrips
361.0,8122,People's Power Limited,PPL,6202199.2,2025-08-30 12:59:55.104237,2025-08-30,TopTenTurnoverScrips
642.6,9150,Asian Hydropower Limited,AHL,6073765.0,2025-08-30 12:59:55.104237,2025-08-30,TopTenTurnoverScrips
486.1,9208,Upper Lohore Khola Hydropower Company Limited,ULHC,6036570.9,2025-08-30 12:59:55.104237,2025-08-30,TopTenTurnoverScrips
1025.0,8117,Aviyan Laghubitta Bittiya Sanstha Limited,AVYAN,6018059.4,2025-08-30 12:59:55.104237,2025-08-30,TopTenTurnoverScrips
353.0,8022,Terhathum Power Company Limited,TPC,5947446.4,2025-08-30 12:59:55.104237,2025-08-30,TopTenTurnoverScrips
702.3,183,Neco Insurance Limited,NIL,5780902.8,2025-08-30 12:59:55.104237,2025-08-30,TopTenTurnoverScrips
377.7,8066,River Falls Power Limited,RFPL,5771934.9,2025-08-30 12:59:55.104237,2025-08-30,TopTenTurnoverScrips
420.2,8026,Nyadi Hydropower Limited,NYADI,5671554.4,2025-08-30 12:59:55.104237,2025-08-30,TopTenTurnoverScrips
443.0,9203,Manakamana Engineering Hydropower Limited,MEHL,5654199.6,2025-08-30 12:59:55.104237,2025-08-30,TopTenTurnoverScrips
476.0,263,Guheshowori Merchant Bank & Finance Co. Ltd.,GMFIL,5623410.3,2025-08-30 12:59:55.104237,2025-08-30,TopTenTurnoverScrips
630.1,232,Goodwill Finance Limited,GFCL,5565787.3,2025-08-30 12:59:55.104237,2025-08-30,TopTenTurnoverScrips
5349.0,155,Salt Trading Corporation,STC,5564560.3,2025-08-30 12:59:55.104237,2025-08-30,TopTenTurnoverScrips
504.0,2915,Prabhu Mahalaxmi Life Insurance Limited,PMLI,5390265.5,2025-08-30 12:59:55.104237,2025-08-30,TopTenTurnoverScrips
739.1,9192,Upper Syange Hydropower Limited,USHL,5359051.4,2025-08-30 12:59:55.104237,2025-08-30,TopTenTurnoverScrips
15645.0,177,Rastriya Beema Company Limited,RBCL,5263994.0,2025-08-30 12:59:55.104237,2025-08-30,TopTenTurnoverScrips
492.0,338,Progressive Finance Limited,PROFL,5204150.8,2025-08-30 12:59:55.104237,2025-08-30,TopTenTurnoverScrips
402.0,236,Pokhara Finance Ltd.,PFL,5090788.3,2025-08-30 12:59:55.104237,2025-08-30,TopTenTurnoverScrips
467.0,250,Janaki Finance Company Limited,JFL,5074284.0,2025-08-30 12:59:55.104237,2025-08-30,TopTenTurnoverScrips
336.0,2813,Panchthar Power Compant Limited,PPCL,5001633.6,2025-08-30 12:59:55.104237,2025-08-30,TopTenTurnoverScrips
2111.7,2925,Mahila Lagubitta Bittiya Sanstha Limited ,MLBSL,4987837.6,2025-08-30 12:59:55.104237,2025-08-30,TopTenTurnoverScrips
2182.0,2826,Gurans Laghubitta Bittiya Sanstha Limited,GLBSL,4949088.5,2025-08-30 12:59:55.104237,2025-08-30,TopTenTurnoverScrips
437.5,9149,Maya Khola Hydropower Company Limited,MKHC,4908708.7,2025-08-30 12:59:55.104237,2025-08-30,TopTenTurnoverScrips
593.0,9225,Vision Lumbini Urja Company Limited ,VLUCL,4899375.1,2025-08-30 12:59:55.104237,2025-08-30,TopTenTurnoverScrips
1618.8,2815,Ganapati Laghubitta Bittiya Sanstha Limited,GMFBS,4837666.0,2025-08-30 12:59:55.104237,2025-08-30,TopTenTurnoverScrips
306.9,2789,Joshi Hydropower Development Company Ltd,JOSHI,4784441.6,2025-08-30 12:59:55.104237,2025-08-30,TopTenTurnoverScrips
1545.0,601,Mithila LaghuBitta Bittiya Sanstha Limited,MLBBL,4691398.4,2025-08-30 12:59:55.104237,2025-08-30,TopTenTurnoverScrips
5890.0,9161,Aatmanirbhar Laghubitta Bittiya Sanstha Limited,ANLB,4689747.7,2025-08-30 12:59:55.104237,2025-08-30,TopTenTurnoverScrips
300.0,2842,SANJEN JALAVIDHYUT COMPANY LIMITED,SJCL,4643119.5,2025-08-30 12:59:55.104237,2025-08-30,TopTenTurnoverScrips
850.3,9212,Mandu Hydropower Limited,MANDU,4495600.2,2025-08-30 12:59:55.104237,2025-08-30,TopTenTurnoverScrips
530.5,204,Gurkhas Finance Ltd.,GUFL,4333257.8,2025-08-30 12:59:55.104237,2025-08-30,TopTenTurnoverScrips
615.0,2887,NIC ASIA Laghubitta Bittiya Sanstha Limited,NICLBSL,4261585.6,2025-08-30 12:59:55.104237,2025-08-30,TopTenTurnoverScrips
1249.0,695,Janautthan Samudayic Laghubitta Bittya Sanstha Limited,JSLBB,4177684.0,2025-08-30 12:59:55.104237,2025-08-30,TopTenTurnoverScrips
1004.9,693,Himalayan Laghubitta Bittiya Sanstha Limited,HLBSL,4165046.3,2025-08-30 12:59:55.104237,2025-08-30,TopTenTurnoverScrips
576.9,9170,Dolti Power Company Limited,DOLTI,3916200.5,2025-08-30 12:59:55.104237,2025-08-30,TopTenTurnoverScrips
732.2,706,Suryodaya Womi Laghubitta Bittiya Sanstha Limited,SWMF,3440028.9,2025-08-30 12:59:55.104237,2025-08-30,TopTenTurnoverScrips
9.89,2859,Siddhartha Investment Growth Scheme - 2,SIGS2,3398159.5,2025-08-30 12:59:55.104237,2025-08-30,TopTenTurnoverScrips
314.0,2754,Dibyashwori Hydropower Ltd.,DHPL,3389682.0,2025-08-30 12:59:55.104237,2025-08-30,TopTenTurnoverScrips
1135.1,2758,Forward Microfinance Laghubitta Bittiya Sanstha Limited,FOWAD,3296159.8,2025-08-30 12:59:55.104237,2025-08-30,TopTenTurnoverScrips
473.0,9218,Trishuli Jal Vidhyut Company Limited ,TVCL,3228469.1,2025-08-30 12:59:55.104237,2025-08-30,TopTenTurnoverScrips
1750.0,2829,Swabhimaan Laghubitta Bittiya Sanstha Limited,SMFBS,3086741.0,2025-08-30 12:59:55.104237,2025-08-30,TopTenTurnoverScrips
456.2,8133,Peoples Hydropower Company Limited,PHCL,3049533.4,2025-08-30 12:59:55.104237,2025-08-30,TopTenTurnoverScrips
1085.5,9151,Kalinchowk Darshan Limited,KDL,3048285.0,2025-08-30 12:59:55.104237,2025-08-30,TopTenTurnoverScrips
701.0,704,NMB  Microfinance Bittiya Sanstha Ltd.,NMBMF,2822587.8,2025-08-30 12:59:55.104237,2025-08-30,TopTenTurnoverScrips
448.0,9158,Molung Hydropower Company Limited,MHCL,2756723.9,2025-08-30 12:59:55.104237,2025-08-30,TopTenTurnoverScrips
1430.0,8123,Dhaulagiri Laghubitta Bittiya Sanstha Limited,DLBS,2732971.1,2025-08-30 12:59:55.104237,2025-08-30,TopTenTurnoverScrips
256.1,2751,Khanikhola Hydropower Co. Ltd.,KKHC,2728031.4,2025-08-30 12:59:55.104237,2025-08-30,TopTenTurnoverScrips
12900.0,634,Rastriya Beema Company Limited Promoter Share,RBCLPO,2696990.0,2025-08-30 12:59:55.104237,2025-08-30,TopTenTurnoverScrips
815.0,687,Vijaya laghubitta Bittiya Sanstha Ltd.,VLBS,2651458.8,2025-08-30 12:59:55.104237,2025-08-30,TopTenTurnoverScrips
771.0,9135,Barahi Hydropower Public Limited,BHPL,2650082.9,2025-08-30 12:59:55.104237,2025-08-30,TopTenTurnoverScrips
678.0,9232,Chirkhwa Hydropower Limited ,CKHL,2630712.4,2025-08-30 12:59:55.104237,2025-08-30,TopTenTurnoverScrips
1550.2,8041,NESDO Sambridha Laghubitta Bittiya Sanstha Limited,NESDO,2579300.0,2025-08-30 12:59:55.104237,2025-08-30,TopTenTurnoverScrips
3608.0,8063,Upakar Laghubitta Bittiya Sanstha Limited,ULBSL,2505262.6,2025-08-30 12:59:55.104237,2025-08-30,TopTenTurnoverScrips
2138.5,2781,Wean Nepal Laghubitta Bittiya Sanstha Limited,WNLB,2465489.1,2025-08-30 12:59:55.104237,2025-08-30,TopTenTurnoverScrips
5420.0,156,Bishal Bazar Company Limited,BBC,2440681.4,2025-08-30 12:59:55.104237,2025-08-30,TopTenTurnoverScrips
969.0,9147,Shuvam Power Limited,SPL,2279217.0,2025-08-30 12:59:55.104237,2025-08-30,TopTenTurnoverScrips
1086.0,694,Matribhumi Lagubitta Bittiya Sanstha Limited,MATRI,2164129.0,2025-08-30 12:59:55.104237,2025-08-30,TopTenTurnoverScrips
2282.0,2771,Support Microfinance Bittiya Sanstha Ltd.,SMB,2121874.1,2025-08-30 12:59:55.104237,2025-08-30,TopTenTurnoverScrips
523.0,9175,Menchhiyam Hydropower Limited,MCHL,2081336.5,2025-08-30 12:59:55.104237,2025-08-30,TopTenTurnoverScrips
2088.1,9140,Unique Nepal Laghubitta Bittiya Sanstha Limited,UNLB,2076270.4,2025-08-30 12:59:55.104237,2025-08-30,TopTenTurnoverScrips
1898.0,8132,Shrijanshil Laghubitta Bittiya Sanstha Limited,SHLB,2003542.9,2025-08-30 12:59:55.104237,2025-08-30,TopTenTurnoverScrips
1094.0,2790,Aarambha Chautari Laghubitta Bittiya Sanstha Limited,ACLBSL,1922459.1,2025-08-30 12:59:55.104237,2025-08-30,TopTenTurnoverScrips
570.0,9217,Mathillo Mailun Khola Jalvidhyut Limited,MMKJL,1867962.0,2025-08-30 12:59:55.104237,2025-08-30,TopTenTurnoverScrips
1090.0,6984,8.75 % Prime Debenture 2085,PBD85,1786400.0,2025-08-30 12:59:55.104237,2025-08-30,TopTenTurnoverScrips
590.0,9166,Makar Jitumaya Suri Hydropower Limited,MAKAR,1782868.0,2025-08-30 12:59:55.104237,2025-08-30,TopTenTurnoverScrips
796.5,9167,Mai Khola Hydropower Limited,MKHL,1721656.5,2025-08-30 12:59:55.104237,2025-08-30,TopTenTurnoverScrips
1056.0,8034,Emerging Nepal Limited,ENL,1580610.7,2025-08-30 12:59:55.104237,2025-08-30,TopTenTurnoverScrips
11950.0,213,Bottlers Nepal (Terai) Limited,BNT,1552782.5,2025-08-30 12:59:55.104237,2025-08-30,TopTenTurnoverScrips
563.1,9176,Ingwa Hydropower Limited,IHL,1477646.5,2025-08-30 12:59:55.104237,2025-08-30,TopTenTurnoverScrips
11.6,4947,Prabhu Select Fund,PSF,1371721.4,2025-08-30 12:59:55.104237,2025-08-30,TopTenTurnoverScrips
587.4,8131,Eastern Hydropower Limited,EHPL,1355117.0,2025-08-30 12:59:55.104237,2025-08-30,TopTenTurnoverScrips
9.15,2937,Sunrise Bluechip Fund,SBCF,1228604.8,2025-08-30 12:59:55.104237,2025-08-30,TopTenTurnoverScrips
882.0,9148,Super Mai Hydropower Limited,SMH,1118930.0,2025-08-30 12:59:55.104237,2025-08-30,TopTenTurnoverScrips
1075.0,8027,Nabil Debenture 2085,NBLD85,959522.0,2025-08-30 12:59:55.104237,2025-08-30,TopTenTurnoverScrips
1035.0,618,Laxmi Laghubitta Bittiya Sanstha Ltd.,LLBS,959099.9,2025-08-30 12:59:55.104237,2025-08-30,TopTenTurnoverScrips
905.2,9214,Bhagawati Hydropower Development Company Limited,BGWT,931692.2,2025-08-30 12:59:55.104237,2025-08-30,TopTenTurnoverScrips
163.2,469,Nepal Investment Mega Bank Ltd. Promoter Share,NIMBPO,887529.2,2025-08-30 12:59:55.104237,2025-08-30,TopTenTurnoverScrips
9.02,9178,RBB Mutual Fund 2,RMF2,875142.82,2025-08-30 12:59:55.104237,2025-08-30,TopTenTurnoverScrips
11.4,8125,NMB Sulav Investment Fund - 2,NSIF2,867527.6,2025-08-30 12:59:55.104237,2025-08-30,TopTenTurnoverScrips
776.0,9181,Rawa Energy Development Limited,RAWA,834493.4,2025-08-30 12:59:55.104237,2025-08-30,TopTenTurnoverScrips
1590.0,8018,Manushi Laghubitta Bittiya Sanstha Limited,MLBS,650182.0,2025-08-30 12:59:55.104237,2025-08-30,TopTenTurnoverScrips
9.07,9198,Laxmi Value Fund 2,LVF2,625284.8,2025-08-30 12:59:55.104237,2025-08-30,TopTenTurnoverScrips
16082.0,195,Bottlers Nepal (Balaju) Limited,BNL,514656.0,2025-08-30 12:59:55.104237,2025-08-30,TopTenTurnoverScrips
900.5,9215,Mid Solu Hydropower Limited,MSHL,514258.0,2025-08-30 12:59:55.104237,2025-08-30,TopTenTurnoverScrips
10.13,8024,Nabil Balanced Fund-3,NBF3,501728.58,2025-08-30 12:59:55.104237,2025-08-30,TopTenTurnoverScrips
47980.8,219,Unilever Nepal Limited,UNL,479808.0,2025-08-30 12:59:55.104237,2025-08-30,TopTenTurnoverScrips
9.1,2770,Siddhartha Equity Fund,SEF,471073.02,2025-08-30 12:59:55.104237,2025-08-30,TopTenTurnoverScrips
378.0,700,Himalayan Everest Insurance Limited Promoter,HEIP,450980.0,2025-08-30 12:59:55.104237,2025-08-30,TopTenTurnoverScrips
1010.0,9261,Nifra Green Energy Debenture 6% - 2088/89,NIFRAGED,441640.0,2025-08-30 12:59:55.104237,2025-08-30,TopTenTurnoverScrips
9.25,9182,Siddhartha Investment Growth Scheme 3,SIGS3,402393.0,2025-08-30 12:59:55.104237,2025-08-30,TopTenTurnoverScrips
9.15,4968,RBB Mutual Fund 1,RMF1,393797.0,2025-08-30 12:59:55.104237,2025-08-30,TopTenTurnoverScrips
9.38,9139,Sanima Growth Fund,SAGF,379087.34,2025-08-30 12:59:55.104237,2025-08-30,TopTenTurnoverScrips
1900.0,9196,Kutheli Bukhari Small Hydropower Limited,KBSH,327926.0,2025-08-30 12:59:55.104237,2025-08-30,TopTenTurnoverScrips
9.32,8023,Mega Mutual Fund -1,MMF1,300526.45,2025-08-30 12:59:55.104237,2025-08-30,TopTenTurnoverScrips
9.29,2923,Sanima Large Cap Fund,SLCF,298126.5,2025-08-30 12:59:55.104237,2025-08-30,TopTenTurnoverScrips
1101.0,8116,10.15% Prime Debenture 2084,PBD84,258435.0,2025-08-30 12:59:55.104237,2025-08-30,TopTenTurnoverScrips
10.26,2835,NABIL BALANCED FUND-2,NBF2,247118.94,2025-08-30 12:59:55.104237,2025-08-30,TopTenTurnoverScrips
8.85,9236,NIC ASIA Growth Fund-2,NICGF2,234606.0,2025-08-30 12:59:55.104237,2025-08-30,TopTenTurnoverScrips
9.26,2902,Laxmi Unnati Kosh,LUK,231212.98,2025-08-30 12:59:55.104237,2025-08-30,TopTenTurnoverScrips
9.03,8074,Kumari Dhanabriddhi Yojana,KDBY,221089.25,2025-08-30 12:59:55.104237,2025-08-30,TopTenTurnoverScrips
10.14,2862,CITIZENS MUTUAL FUND 2,CMF2,178790.9,2025-08-30 12:59:55.104237,2025-08-30,TopTenTurnoverScrips
9.28,9248,Garima Samriddhi Yojana,GSY,167797.5,2025-08-30 12:59:55.104237,2025-08-30,TopTenTurnoverScrips
9.15,9254,NMB Hybrid Fund L- II,NMBHF2,138142.0,2025-08-30 12:59:55.104237,2025-08-30,TopTenTurnoverScrips
1050.0,8033,"Garima Debenture, 2085",GBBD85,131312.5,2025-08-30 12:59:55.104237,2025-08-30,TopTenTurnoverScrips
1117.0,2889,10.25% Citizens Bank Debenture 2086,CIZBD86,127345.5,2025-08-30 12:59:55.104237,2025-08-30,TopTenTurnoverScrips
994.1,9264,7% RBBL Debenture 2088,RBBD2088,124457.5,2025-08-30 12:59:55.104237,2025-08-30,TopTenTurnoverScrips
1060.1,2878,10.25% Sunrise Bank Debenture 2083,SRBLD83,121756.5,2025-08-30 12:59:55.104237,2025-08-30,TopTenTurnoverScrips
1076.0,8110,10.25% Nepal SBI Bank Debenture 2083,SBID83,108675.0,2025-08-30 12:59:55.104237,2025-08-30,TopTenTurnoverScrips
1070.0,9249,9% ICFC Finance Limited Debenture 2088,ICFCD88,108090.0,2025-08-30 12:59:55.104237,2025-08-30,TopTenTurnoverScrips
9.17,9257,MBL Equity Fund,MBLEF,90935.5,2025-08-30 12:59:55.104237,2025-08-30,TopTenTurnoverScrips
9.25,9245,Muktinath Mutual Fund 1,MNMF1,84803.07,2025-08-30 12:59:55.104237,2025-08-30,TopTenTurnoverScrips
1007.2,9255,Everest Bank Limited Debenture 2091,EBLD91,75437.5,2025-08-30 12:59:55.104237,2025-08-30,TopTenTurnoverScrips
1200.0,8127,11% KBL Debenture 2089,KBLD89,72000.0,2025-08-30 12:59:55.104237,2025-08-30,TopTenTurnoverScrips
1115.2,8043,Civil Bank Debenture 2088,CBLD88,55755.0,2025-08-30 12:59:55.104237,2025-08-30,TopTenTurnoverScrips
1100.0,2904,10% Prabhu Bank Debenture 2084 ,PBLD84,55000.0,2025-08-30 12:59:55.104237,2025-08-30,TopTenTurnoverScrips
8.91,2863,NIC Asia Balanced Fund,NICBF,54683.96,2025-08-30 12:59:55.104237,2025-08-30,TopTenTurnoverScrips
1088.0,4969,Muktinath Debenture 2084/85,MND84/85,54400.0,2025-08-30 12:59:55.104237,2025-08-30,TopTenTurnoverScrips
1060.0,2869,11% NIC Asia Debenture 082/83,NICAD8283,53000.0,2025-08-30 12:59:55.104237,2025-08-30,TopTenTurnoverScrips
1057.0,2864,10.25% SBL Debenture 2083,SBLD83,52850.0,2025-08-30 12:59:55.104237,2025-08-30,TopTenTurnoverScrips
1038.1,4959,8.5% Nepal Bank Debenture 2087,NBLD87,51905.0,2025-08-30 12:59:55.104237,2025-08-30,TopTenTurnoverScrips
11.1,8106,Global IME Balanced Fund-1,GIBF1,45204.0,2025-08-30 12:59:55.104237,2025-08-30,TopTenTurnoverScrips
11.63,9221,Himalayan 80-20,H8020,36810.64,2025-08-30 12:59:55.104237,2025-08-30,TopTenTurnoverScrips
8.73,4949,NIBL Samriddhi Fund -2,NIBSF2,33280.0,2025-08-30 12:59:55.104237,2025-08-30,TopTenTurnoverScrips
9.69,2877,Sunrise First Mutual Fund,SFMF,31612.0,2025-08-30 12:59:55.104237,2025-08-30,TopTenTurnoverScrips
9.05,2933,Kumari Equity Fund,KEF,31516.0,2025-08-30 12:59:55.104237,2025-08-30,TopTenTurnoverScrips
1036.5,8044,Everest Bank Limited,EBLD86,31105.0,2025-08-30 12:59:55.104237,2025-08-30,TopTenTurnoverScrips
1165.0,8119,10.50% Everest Bank Limited Debenture 2085,EBLD85,29125.0,2025-08-30 12:59:55.104237,2025-08-30,TopTenTurnoverScrips
1160.0,9243,10% NIMB Debenture 2090,NIMBD90,29000.0,2025-08-30 12:59:55.104237,2025-08-30,TopTenTurnoverScrips
1126.0,8068,Century Debenture 2088,CCBD88,28150.0,2025-08-30 12:59:55.104237,2025-08-30,TopTenTurnoverScrips
1112.0,8097,10% Prime Debenture 2088,PBD88,27795.0,2025-08-30 12:59:55.104237,2025-08-30,TopTenTurnoverScrips
1060.0,2922,8.5% Sanima Debenture 2087,SBD87,26500.0,2025-08-30 12:59:55.104237,2025-08-30,TopTenTurnoverScrips
1030.0,9141,NIFRA Uraj Rinpatra7%-2085/86,NIFRAUR85/86,25750.0,2025-08-30 12:59:55.104237,2025-08-30,TopTenTurnoverScrips
1010.0,9152,"Everest Bank Limited Energy Bond, 2089",EBLEB89,25250.0,2025-08-30 12:59:55.104237,2025-08-30,TopTenTurnoverScrips
9.2,9259,Reliable Samriddhi Yojana,RSY,25232.5,2025-08-30 12:59:55.104237,2025-08-30,TopTenTurnoverScrips
8.9,8073,NIC Asia Flexi CAP Fund,NICFC,24170.0,2025-08-30 12:59:55.104237,2025-08-30,TopTenTurnoverScrips
1095.0,8004,Global IME Bank Limited Debenture 2086/87,GBILD86/87,17520.0,2025-08-30 12:59:55.104237,2025-08-30,TopTenTurnoverScrips
9.3,9138,NIBL Growth Fund,NIBLGF,16750.0,2025-08-30 12:59:55.104237,2025-08-30,TopTenTurnoverScrips
9.39,9241,Kumari Sabal Yojana,KSY,15815.1,2025-08-30 12:59:55.104237,2025-08-30,TopTenTurnoverScrips
9.22,9154,Sunrise Focused Equity Fund,SFEF,10911.0,2025-08-30 12:59:55.104237,2025-08-30,TopTenTurnoverScrips
8.91,4967,NIC Asia Select Fund 30,NICSF,9801.0,2025-08-30 12:59:55.104237,2025-08-30,TopTenTurnoverScrips
8.75,9244,NIBL Stable Fund,NIBLSTF,8648.0,2025-08-30 12:59:55.104237,2025-08-30,TopTenTurnoverScrips
10.0,9269,Global IME Sammunat Yojana -2,GBIMESY2,1000.0,2025-08-30 12:59:55.104237,2025-08-30,TopTenTurnoverScrips
