closingPrice,securityId,securityName,shareTraded,symbol,fetched_at,date,source_endpoint
11.3,9174,Prabhu Smart Fund,813300,PRSF,2025-08-30 12:59:55.075775,2025-08-30,TopTenTradeScrips
10.16,9191,Citizens Super 30 Mutual Fund,677300,C30MF,2025-08-30 12:59:55.075775,2025-08-30,TopTenTradeScrips
1030.1,9234,Himalayan Reinsurance Limited,578159,HRL,2025-08-30 12:59:55.075775,2025-08-30,TopTenTradeScrips
11.46,2867,NMB 50,560527,NMB50,2025-08-30 12:59:55.075775,2025-08-30,TopTenTradeScrips
268.5,2757,Arun Kabeli Power Ltd.,540030,AKPL,2025-08-30 12:59:55.075775,2025-08-30,TopTenTradeScrips
308.0,2934,Singati Hydro Energy Limited,421934,SHEL,2025-08-30 12:59:55.075775,2025-08-30,TopTenTradeScrips
201.0,142,Kumari Bank Limited,388024,KBL,2025-08-30 12:59:55.075775,2025-08-30,TopTenTradeScrips
1689.0,2881,Nepal Reinsurance Company Limited,384160,NRIC,2025-08-30 12:59:55.075775,2025-08-30,TopTenTradeScrips
402.9,2743,Ngadi Group Power Ltd.,373453,NGPL,2025-08-30 12:59:55.075775,2025-08-30,TopTenTradeScrips
626.0,2809,SHIVAM CEMENTS LTD,356079,SHIVM,2025-08-30 12:59:55.075775,2025-08-30,TopTenTradeScrips
9.89,2859,Siddhartha Investment Growth Scheme - 2,343200,SIGS2,2025-08-30 12:59:55.075775,2025-08-30,TopTenTradeScrips
580.0,2760,United Modi Hydropower Ltd.,339552,UMHL,2025-08-30 12:59:55.075775,2025-08-30,TopTenTradeScrips
237.0,2903,Liberty Energy Company Limited,334435,LEC,2025-08-30 12:59:55.075775,2025-08-30,TopTenTradeScrips
551.0,358,Lumbini Bikas Bank Ltd.,309487,LBBL,2025-08-30 12:59:55.075775,2025-08-30,TopTenTradeScrips
204.2,8111,Hydorelectricity Investment and Development Company Limited Promoter,273029,HIDCLP,2025-08-30 12:59:55.075775,2025-08-30,TopTenTradeScrips
279.8,2919,Nepal Infrastructure Bank Limited,246183,NIFRA,2025-08-30 12:59:55.075775,2025-08-30,TopTenTradeScrips
391.2,2831,Union Hydropower Limited,244805,UNHPL,2025-08-30 12:59:55.075775,2025-08-30,TopTenTradeScrips
1419.0,235,Himalayan Distillery Limited,243935,HDL,2025-08-30 12:59:55.075775,2025-08-30,TopTenTradeScrips
527.0,459,Kamana Sewa Bikas Bank Limited,209893,KSBBL,2025-08-30 12:59:55.075775,2025-08-30,TopTenTradeScrips
104.0,544,Prime Commercial Bank Promoter Share,201035,PCBLP,2025-08-30 12:59:55.075775,2025-08-30,TopTenTradeScrips
447.5,474,Muktinath Bikas Bank Ltd.,199228,MNBBL,2025-08-30 12:59:55.075775,2025-08-30,TopTenTradeScrips
586.0,8005,Mailung Khola Jal Vidhyut Company Limited,197464,MKJC,2025-08-30 12:59:55.075775,2025-08-30,TopTenTradeScrips
391.5,2810,UNIVERSAL POWER COMPANY LTD,179721,UPCL,2025-08-30 12:59:55.075775,2025-08-30,TopTenTradeScrips
1052.0,2917,Chandragiri Hills Limited,178031,CGH,2025-08-30 12:59:55.075775,2025-08-30,TopTenTradeScrips
291.1,360,Arun Valley Hydropower Development Co. Ltd.,172491,AHPC,2025-08-30 12:59:55.075775,2025-08-30,TopTenTradeScrips
834.0,153,Butwal Power Company Limited,166350,BPCL,2025-08-30 12:59:55.075775,2025-08-30,TopTenTradeScrips
760.1,2776,Radhi Bidyut Company Ltd,165617,RADHI,2025-08-30 12:59:55.075775,2025-08-30,TopTenTradeScrips
844.0,559,NLG Insurance Company Ltd.,160606,NLG,2025-08-30 12:59:55.075775,2025-08-30,TopTenTradeScrips
211.2,132,Nepal Investment Mega Bank Limited,152964,NIMB,2025-08-30 12:59:55.075775,2025-08-30,TopTenTradeScrips
287.5,2742,Hydorelectricity Investment and Development Company Ltd,151856,HIDCL,2025-08-30 12:59:55.075775,2025-08-30,TopTenTradeScrips
563.5,591,Sanima Mai Hydropower Ltd.,149728,SHPC,2025-08-30 12:59:55.075775,2025-08-30,TopTenTradeScrips
251.6,341,Global IME Bank Limited,147140,GBIME,2025-08-30 12:59:55.075775,2025-08-30,TopTenTradeScrips
198.3,8055,Balephi Hydropower Limited,141798,BHL,2025-08-30 12:59:55.075775,2025-08-30,TopTenTradeScrips
294.0,697,Api Power Company Ltd.,141601,API,2025-08-30 12:59:55.075775,2025-08-30,TopTenTradeScrips
376.9,145,Siddhartha Bank Limited,141489,SBL,2025-08-30 12:59:55.075775,2025-08-30,TopTenTradeScrips
569.0,8045,Green Ventures Limited,141033,GVL,2025-08-30 12:59:55.075775,2025-08-30,TopTenTradeScrips
537.0,9183,Nepal Republic Media Limited,137302,NRM,2025-08-30 12:59:55.075775,2025-08-30,TopTenTradeScrips
9.15,2937,Sunrise Bluechip Fund,134420,SBCF,2025-08-30 12:59:55.075775,2025-08-30,TopTenTradeScrips
400.0,2759,Synergy Power Development Ltd.,133784,SPDL,2025-08-30 12:59:55.075775,2025-08-30,TopTenTradeScrips
236.5,2806,Ghalemdi Hydro Limited,131501,GHL,2025-08-30 12:59:55.075775,2025-08-30,TopTenTradeScrips
367.2,171,Sanima Bank Limited,124976,SANIMA,2025-08-30 12:59:55.075775,2025-08-30,TopTenTradeScrips
196.9,2880,Himal Dolakha Hydropower Company Limited,122214,HDHPC,2025-08-30 12:59:55.075775,2025-08-30,TopTenTradeScrips
432.0,472,Shangrila Development Bank Ltd.,120640,SADBL,2025-08-30 12:59:55.075775,2025-08-30,TopTenTradeScrips
432.9,417,Garima Bikas Bank Limited,119069,GBBL,2025-08-30 12:59:55.075775,2025-08-30,TopTenTradeScrips
11.6,4947,Prabhu Select Fund,118440,PSF,2025-08-30 12:59:55.075775,2025-08-30,TopTenTradeScrips
212.2,255,Prabhu  Bank Limited,118331,PRVU,2025-08-30 12:59:55.075775,2025-08-30,TopTenTradeScrips
649.0,8021,Sahas Urja Limited,114053,SAHAS,2025-08-30 12:59:55.075775,2025-08-30,TopTenTradeScrips
193.3,2792,Upper Tamakoshi Hydropower Ltd,113914,UPPER,2025-08-30 12:59:55.075775,2025-08-30,TopTenTradeScrips
397.0,401,Mahalaxmi Bikas Bank Ltd.,103163,MLBL,2025-08-30 12:59:55.075775,2025-08-30,TopTenTradeScrips
9.02,9178,RBB Mutual Fund 2,96821,RMF2,2025-08-30 12:59:55.075775,2025-08-30,TopTenTradeScrips
860.0,149,Oriental Hotels Limited,91197,OHL,2025-08-30 12:59:55.075775,2025-08-30,TopTenTradeScrips
885.1,490,First Micro Finance Laghubitta Bittiya Sanstha Limited,90750,FMDBL,2025-08-30 12:59:55.075775,2025-08-30,TopTenTradeScrips
245.9,610,Ridi Power Company Limited,90701,RIDI,2025-08-30 12:59:55.075775,2025-08-30,TopTenTradeScrips
207.1,152,National Hydro Power Company Limited,89957,NHPC,2025-08-30 12:59:55.075775,2025-08-30,TopTenTradeScrips
561.5,147,Soaltee Hotel Limited,87475,SHL,2025-08-30 12:59:55.075775,2025-08-30,TopTenTradeScrips
479.0,9199,Reliable Nepal Life Insurance Limited,85710,RNLI,2025-08-30 12:59:55.075775,2025-08-30,TopTenTradeScrips
399.0,2786,Panchakanya Mai Hydropower Ltd,85264,PMHPL,2025-08-30 12:59:55.075775,2025-08-30,TopTenTradeScrips
564.0,8075,Bindhyabasini Hydropower Development Company Limited,84272,BHDC,2025-08-30 12:59:55.075775,2025-08-30,TopTenTradeScrips
529.0,131,Nabil Bank Limited,83641,NABIL,2025-08-30 12:59:55.075775,2025-08-30,TopTenTradeScrips
251.0,238,NMB Bank Limited,81745,NMB,2025-08-30 12:59:55.075775,2025-08-30,TopTenTradeScrips
575.0,2787,Kalika power Company Ltd,81542,KPCL,2025-08-30 12:59:55.075775,2025-08-30,TopTenTradeScrips
204.0,2788,Ankhu Khola Jalvidhyut Company Ltd,80486,AKJCL,2025-08-30 12:59:55.075775,2025-08-30,TopTenTradeScrips
747.0,137,Everest Bank Limited,80293,EBL,2025-08-30 12:59:55.075775,2025-08-30,TopTenTradeScrips
209.0,134,Himalayan Bank Limited,80057,HBL,2025-08-30 12:59:55.075775,2025-08-30,TopTenTradeScrips
304.5,2841,RASUWAGADHI HYDROPOWER COMPANY LIMITED,76689,RHPL,2025-08-30 12:59:55.075775,2025-08-30,TopTenTradeScrips
253.0,517,Nepal Bank Limited,76661,NBL,2025-08-30 12:59:55.075775,2025-08-30,TopTenTradeScrips
11.4,8125,NMB Sulav Investment Fund - 2,76660,NSIF2,2025-08-30 12:59:55.075775,2025-08-30,TopTenTradeScrips
234.5,141,Laxmi Sunrise Bank Limited,73425,LSL,2025-08-30 12:59:55.075775,2025-08-30,TopTenTradeScrips
261.0,2811,Mountain Hydro Nepal Limited,72466,MHNL,2025-08-30 12:59:55.075775,2025-08-30,TopTenTradeScrips
337.5,418,Jyoti Bikas Bank Limited,70948,JBBL,2025-08-30 12:59:55.075775,2025-08-30,TopTenTradeScrips
407.0,393,Himalayan Life Insurance Limited,70849,HLI,2025-08-30 12:59:55.075775,2025-08-30,TopTenTradeScrips
9.07,9198,Laxmi Value Fund 2,68280,LVF2,2025-08-30 12:59:55.075775,2025-08-30,TopTenTradeScrips
326.0,397,Agricultural Development Bank Limited,66102,ADBL,2025-08-30 12:59:55.075775,2025-08-30,TopTenTradeScrips
351.0,139,NIC Asia Bank Ltd.,63594,NICA,2025-08-30 12:59:55.075775,2025-08-30,TopTenTradeScrips
267.0,2924,GreenLife Hydropower Limited,62349,GLH,2025-08-30 12:59:55.075775,2025-08-30,TopTenTradeScrips
430.0,473,Shine Resunga Development Bank Ltd.,61803,SHINE,2025-08-30 12:59:55.075775,2025-08-30,TopTenTradeScrips
239.0,2824,Himalaya Urja Bikas Company Limited,61625,HURJA,2025-08-30 12:59:55.075775,2025-08-30,TopTenTradeScrips
255.0,357,Prime Commercial Bank Ltd.,59344,PCBL,2025-08-30 12:59:55.075775,2025-08-30,TopTenTradeScrips
281.0,8070,Dordi Khola Jal Bidyut Company Limited,58545,DORDI,2025-08-30 12:59:55.075775,2025-08-30,TopTenTradeScrips
190.0,2907,Shiva Shree Hydropower Ltd,58116,SSHL,2025-08-30 12:59:55.075775,2025-08-30,TopTenTradeScrips
1264.9,9213,Hathway Investment Nepal Limited,55660,HATHY,2025-08-30 12:59:55.075775,2025-08-30,TopTenTradeScrips
630.6,2913,Mountain Energy Nepal Limited,55515,MEN,2025-08-30 12:59:55.075775,2025-08-30,TopTenTradeScrips
358.0,686,Barun Hydropower Co. Ltd.,55432,BARUN,2025-08-30 12:59:55.075775,2025-08-30,TopTenTradeScrips
209.8,348,Citizens Bank International Limited,53507,CZBIL,2025-08-30 12:59:55.075775,2025-08-30,TopTenTradeScrips
525.0,180,United Ajod Insurance Limited,52391,UAIL,2025-08-30 12:59:55.075775,2025-08-30,TopTenTradeScrips
920.0,574,Sana Kisan Bikas Laghubitta Bittiya Sanstha Limited,51995,SKBBL,2025-08-30 12:59:55.075775,2025-08-30,TopTenTradeScrips
985.0,2761,Samata Gharelu Laghubitta Bittiya Sanstha Limited,51740,SMATA,2025-08-30 12:59:55.075775,2025-08-30,TopTenTradeScrips
9.1,2770,Siddhartha Equity Fund,51265,SEF,2025-08-30 12:59:55.075775,2025-08-30,TopTenTradeScrips
522.0,8102,Mandakini Hydropower Limited,50549,MHL,2025-08-30 12:59:55.075775,2025-08-30,TopTenTradeScrips
250.4,140,Machhapuchhre Bank Limited,49903,MBL,2025-08-30 12:59:55.075775,2025-08-30,TopTenTradeScrips
10.13,8024,Nabil Balanced Fund-3,49874,NBF3,2025-08-30 12:59:55.075775,2025-08-30,TopTenTradeScrips
588.0,179,Himalayan Everest Insurance Limited,48717,HEI,2025-08-30 12:59:55.075775,2025-08-30,TopTenTradeScrips
453.5,9216,Sonapur Minerals And Oil Limited,48456,SONA,2025-08-30 12:59:55.075775,2025-08-30,TopTenTradeScrips
1070.0,164,Chhimek Laghubitta Bittiya Sanstha Limited,47731,CBBL,2025-08-30 12:59:55.075775,2025-08-30,TopTenTradeScrips
510.1,154,Chilime Hydropower Company Limited,45569,CHCL,2025-08-30 12:59:55.075775,2025-08-30,TopTenTradeScrips
915.0,9242,Sarbottam Cement Limited,44762,SARBTM,2025-08-30 12:59:55.075775,2025-08-30,TopTenTradeScrips
9.25,9182,Siddhartha Investment Growth Scheme 3,43350,SIGS3,2025-08-30 12:59:55.075775,2025-08-30,TopTenTradeScrips
9.15,4968,RBB Mutual Fund 1,43190,RMF1,2025-08-30 12:59:55.075775,2025-08-30,TopTenTradeScrips
1024.0,2807,Asha Laghubitta Bittiya Sanstha Ltd,42597,ALBSL,2025-08-30 12:59:55.075775,2025-08-30,TopTenTradeScrips
848.0,2860,Saptakoshi Development Bank Ltd,42564,SAPDBL,2025-08-30 12:59:55.075775,2025-08-30,TopTenTradeScrips
2134.1,2898,NRN Infrastructure and Development Limited,42484,NRN,2025-08-30 12:59:55.075775,2025-08-30,TopTenTradeScrips
285.6,2766,Chhyangdi Hydropower Ltd.,41002,CHL,2025-08-30 12:59:55.075775,2025-08-30,TopTenTradeScrips
9.38,9139,Sanima Growth Fund,40304,SAGF,2025-08-30 12:59:55.075775,2025-08-30,TopTenTradeScrips
851.9,307,Nepal Doorsanchar Company Limited,38036,NTC,2025-08-30 12:59:55.075775,2025-08-30,TopTenTradeScrips
493.9,2767,Himalayan Power Partner Ltd.,36715,HPPL,2025-08-30 12:59:55.075775,2025-08-30,TopTenTradeScrips
373.0,8076,Himalayan Hydropower Limited,35563,HHL,2025-08-30 12:59:55.075775,2025-08-30,TopTenTradeScrips
299.0,9179,Modi Energy Limited,35379,MEL,2025-08-30 12:59:55.075775,2025-08-30,TopTenTradeScrips
650.0,274,Excel Development Bank Ltd.,35089,EDBL,2025-08-30 12:59:55.075775,2025-08-30,TopTenTradeScrips
568.9,9267,Bikash Hydropower Company Limited,34970,BHCL,2025-08-30 12:59:55.075775,2025-08-30,TopTenTradeScrips
686.7,516,Manjushree Finance Ltd.,34552,MFIL,2025-08-30 12:59:55.075775,2025-08-30,TopTenTradeScrips
491.0,9193,Ghorahi Cement Industry Limited,33672,GCIL,2025-08-30 12:59:55.075775,2025-08-30,TopTenTradeScrips
300.0,8108,Rapti Hydro And General Construction Limited,33645,RHGCL,2025-08-30 12:59:55.075775,2025-08-30,TopTenTradeScrips
9.32,8023,Mega Mutual Fund -1,32270,MMF1,2025-08-30 12:59:55.075775,2025-08-30,TopTenTradeScrips
9.29,2923,Sanima Large Cap Fund,32250,SLCF,2025-08-30 12:59:55.075775,2025-08-30,TopTenTradeScrips
602.0,178,National Life Insurance Co. Ltd.,31930,NLICL,2025-08-30 12:59:55.075775,2025-08-30,TopTenTradeScrips
784.5,187,Nepal Life Insurance Co. Ltd.,31371,NLIC,2025-08-30 12:59:55.075775,2025-08-30,TopTenTradeScrips
625.3,371,Miteri Development Bank Limited,31236,MDB,2025-08-30 12:59:55.075775,2025-08-30,TopTenTradeScrips
787.0,184,Prabhu Insurance Ltd.,30377,PRIN,2025-08-30 12:59:55.075775,2025-08-30,TopTenTradeScrips
870.0,9262,Trade Tower Limited,30314,TTL,2025-08-30 12:59:55.075775,2025-08-30,TopTenTradeScrips
828.0,182,Siddhartha Premier Insurance Limited,30244,SPIL,2025-08-30 12:59:55.075775,2025-08-30,TopTenTradeScrips
893.0,166,Deprosc Laghubitta Bittiya Sanstha Limited,29669,DDBL,2025-08-30 12:59:55.075775,2025-08-30,TopTenTradeScrips
377.0,8100,Swet-Ganga Hydropower & Construction Limited ,28548,SGHC,2025-08-30 12:59:55.075775,2025-08-30,TopTenTradeScrips
672.0,273,ICFC Finance Limited,28273,ICFC,2025-08-30 12:59:55.075775,2025-08-30,TopTenTradeScrips
601.5,2914,United IDI Mardi RB Hydropower Limited.,28236,UMRH,2025-08-30 12:59:55.075775,2025-08-30,TopTenTradeScrips
403.1,5982,Sanima Reliance Life Insurance Limited,27760,SRLI,2025-08-30 12:59:55.075775,2025-08-30,TopTenTradeScrips
453.9,9184,IME Life Insurance Company Limited,27705,ILI,2025-08-30 12:59:55.075775,2025-08-30,TopTenTradeScrips
2583.0,3946,CEDB Holdings Limited,27548,CHDC,2025-08-30 12:59:55.075775,2025-08-30,TopTenTradeScrips
472.9,9201,Sun Nepal Life Insurance Company Limited,27487,SNLI,2025-08-30 12:59:55.075775,2025-08-30,TopTenTradeScrips
696.0,9263,Sanvi Energy Limited,27352,SANVI,2025-08-30 12:59:55.075775,2025-08-30,TopTenTradeScrips
316.0,8031,Madhya Bhotekoshi Jalavidyut Company Limited,26964,MBJC,2025-08-30 12:59:55.075775,2025-08-30,TopTenTradeScrips
8.85,9236,NIC ASIA Growth Fund-2,26123,NICGF2,2025-08-30 12:59:55.075775,2025-08-30,TopTenTradeScrips
475.0,8104,Upper Solu Hydro Electric Company Limited,25885,USHEC,2025-08-30 12:59:55.075775,2025-08-30,TopTenTradeScrips
859.0,1741,Mero Microfinance Bittiya Sanstha Ltd.,25196,MERO,2025-08-30 12:59:55.075775,2025-08-30,TopTenTradeScrips
9.26,2902,Laxmi Unnati Kosh,24723,LUK,2025-08-30 12:59:55.075775,2025-08-30,TopTenTradeScrips
9.03,8074,Kumari Dhanabriddhi Yojana,24475,KDBY,2025-08-30 12:59:55.075775,2025-08-30,TopTenTradeScrips
688.1,2748,RSDC Laghubitta Bittiya Sanstha Ltd.,24325,RSDC,2025-08-30 12:59:55.075775,2025-08-30,TopTenTradeScrips
512.9,9156,Sanima Middle Tamor Hydropower Limited,24173,TAMOR,2025-08-30 12:59:55.075775,2025-08-30,TopTenTradeScrips
10.26,2835,NABIL BALANCED FUND-2,24092,NBF2,2025-08-30 12:59:55.075775,2025-08-30,TopTenTradeScrips
680.5,194,Nepal Finance Ltd.,23492,NFS,2025-08-30 12:59:55.075775,2025-08-30,TopTenTradeScrips
569.8,2908,Sanima GIC Insurance Limited,23115,SGIC,2025-08-30 12:59:55.075775,2025-08-30,TopTenTradeScrips
710.0,185,Sagarmatha Lumbini Insurance Co. Limited,22950,SALICO,2025-08-30 12:59:55.075775,2025-08-30,TopTenTradeScrips
1170.0,2744,Green Development Bank Ltd.,22806,GRDBL,2025-08-30 12:59:55.075775,2025-08-30,TopTenTradeScrips
390.0,135,Nepal SBI Bank Limited,22671,SBI,2025-08-30 12:59:55.075775,2025-08-30,TopTenTradeScrips
474.0,9209,Citizen Life Insurance Company Limited,20473,CLI,2025-08-30 12:59:55.075775,2025-08-30,TopTenTradeScrips
472.0,587,Reliance Finance Ltd.,20367,RLFL,2025-08-30 12:59:55.075775,2025-08-30,TopTenTradeScrips
802.0,172,Narayani Development Bank Limited,20144,NABBC,2025-08-30 12:59:55.075775,2025-08-30,TopTenTradeScrips
830.0,8126,Sikles Hydropower Limited,19608,SIKLES,2025-08-30 12:59:55.075775,2025-08-30,TopTenTradeScrips
496.5,385,Asian Life Insurance Co. Limited,19572,ALICL,2025-08-30 12:59:55.075775,2025-08-30,TopTenTradeScrips
1242.5,2832,Infinity Laghubitta Bittiya Sanstha Limited,19521,ILBS,2025-08-30 12:59:55.075775,2025-08-30,TopTenTradeScrips
499.0,227,Best Finance Company Ltd.,19508,BFC,2025-08-30 12:59:55.075775,2025-08-30,TopTenTradeScrips
518.5,8025,Samling Power Company Limited,19058,SPC,2025-08-30 12:59:55.075775,2025-08-30,TopTenTradeScrips
602.0,9173,City Hotel Limited,18590,CITY,2025-08-30 12:59:55.075775,2025-08-30,TopTenTradeScrips
788.0,163,Nirdhan Utthan Laghubitta Bittiya Sanstha Limited,18404,NUBL,2025-08-30 12:59:55.075775,2025-08-30,TopTenTradeScrips
9.28,9248,Garima Samriddhi Yojana,18050,GSY,2025-08-30 12:59:55.075775,2025-08-30,TopTenTradeScrips
2248.9,2774,Unnati Sahakarya Laghubitta Bittiya Sanstha Limited,17999,USLB,2025-08-30 12:59:55.075775,2025-08-30,TopTenTradeScrips
437.5,403,SuryaJyoti Life Insurance Company Limited,17849,SJLIC,2025-08-30 12:59:55.075775,2025-08-30,TopTenTradeScrips
10.14,2862,CITIZENS MUTUAL FUND 2,17595,CMF2,2025-08-30 12:59:55.075775,2025-08-30,TopTenTradeScrips
361.0,8122,People's Power Limited,17334,PPL,2025-08-30 12:59:55.075775,2025-08-30,TopTenTradeScrips
509.8,244,Shree Investment Finance Co. Ltd.,16764,SIFC,2025-08-30 12:59:55.075775,2025-08-30,TopTenTradeScrips
505.0,245,Central Finance Co. Ltd.,16623,CFCL,2025-08-30 12:59:55.075775,2025-08-30,TopTenTradeScrips
353.0,8022,Terhathum Power Company Limited,16601,TPC,2025-08-30 12:59:55.075775,2025-08-30,TopTenTradeScrips
912.0,9258,Pure Energy Limited,16576,PURE,2025-08-30 12:59:55.075775,2025-08-30,TopTenTradeScrips
596.0,8099,Upper Hewakhola Hydropower Company Limited,15947,UHEWA,2025-08-30 12:59:55.075775,2025-08-30,TopTenTradeScrips
914.0,9146,Super Madi Hydropower Limited,15612,SMHL,2025-08-30 12:59:55.075775,2025-08-30,TopTenTradeScrips
306.9,2789,Joshi Hydropower Development Company Ltd,15531,JOSHI,2025-08-30 12:59:55.075775,2025-08-30,TopTenTradeScrips
455.1,256,Samriddhi Finance Company Limited,15424,SFCL,2025-08-30 12:59:55.075775,2025-08-30,TopTenTradeScrips
300.0,2842,SANJEN JALAVIDHYUT COMPANY LIMITED,15405,SJCL,2025-08-30 12:59:55.075775,2025-08-30,TopTenTradeScrips
377.7,8066,River Falls Power Limited,15250,RFPL,2025-08-30 12:59:55.075775,2025-08-30,TopTenTradeScrips
9.15,9254,NMB Hybrid Fund L- II,15200,NMBHF2,2025-08-30 12:59:55.075775,2025-08-30,TopTenTradeScrips
572.0,9159,Sagarmatha Jalabidhyut Company Limited,14907,SMJC,2025-08-30 12:59:55.075775,2025-08-30,TopTenTradeScrips
1230.0,9252,Crest Micro Life Insurance Limited,14883,CREST,2025-08-30 12:59:55.075775,2025-08-30,TopTenTradeScrips
336.0,2813,Panchthar Power Compant Limited,14823,PPCL,2025-08-30 12:59:55.075775,2025-08-30,TopTenTradeScrips
531.0,186,IGI Prudential insurance Limited,14163,IGI,2025-08-30 12:59:55.075775,2025-08-30,TopTenTradeScrips
517.1,8032,Buddha Bhumi Nepal Hydropower Company Limited,14074,BNHC,2025-08-30 12:59:55.075775,2025-08-30,TopTenTradeScrips
866.5,268,Swabalamban Laghubitta Bittiya Sanstha Limited,13476,SWBBL,2025-08-30 12:59:55.075775,2025-08-30,TopTenTradeScrips
1404.2,9250,Nepal Micro Insurance Company Limited,13440,NMIC,2025-08-30 12:59:55.075775,2025-08-30,TopTenTradeScrips
420.2,8026,Nyadi Hydropower Limited,13388,NYADI,2025-08-30 12:59:55.075775,2025-08-30,TopTenTradeScrips
566.0,8121,Sayapatri Hydropower Limited,13321,SPHL,2025-08-30 12:59:55.075775,2025-08-30,TopTenTradeScrips
1325.0,9256,Om Megashree Pharmaceuticals Limited,13313,OMPL,2025-08-30 12:59:55.075775,2025-08-30,TopTenTradeScrips
630.9,133,Standard Chartered Bank Limited,13295,SCB,2025-08-30 12:59:55.075775,2025-08-30,TopTenTradeScrips
1635.1,9230,Muktinath Krishi Company Limited,13186,MKCL,2025-08-30 12:59:55.075775,2025-08-30,TopTenTradeScrips
754.9,561,Sindhu Bikash Bank Ltd,12801,SINDU,2025-08-30 12:59:55.075775,2025-08-30,TopTenTradeScrips
402.0,236,Pokhara Finance Ltd.,12571,PFL,2025-08-30 12:59:55.075775,2025-08-30,TopTenTradeScrips
443.0,9203,Manakamana Engineering Hydropower Limited,12570,MEHL,2025-08-30 12:59:55.075775,2025-08-30,TopTenTradeScrips
852.0,9194,Three Star Hydropower Limited,12441,TSHL,2025-08-30 12:59:55.075775,2025-08-30,TopTenTradeScrips
486.1,9208,Upper Lohore Khola Hydropower Company Limited,12282,ULHC,2025-08-30 12:59:55.075775,2025-08-30,TopTenTradeScrips
612.0,176,Nepal Insurance Co. Ltd.,12171,NICL,2025-08-30 12:59:55.075775,2025-08-30,TopTenTradeScrips
476.0,263,Guheshowori Merchant Bank & Finance Co. Ltd.,11732,GMFIL,2025-08-30 12:59:55.075775,2025-08-30,TopTenTradeScrips
830.0,2784,Nadep Laghubittiya bittya Sanstha Ltd.,11646,NADEP,2025-08-30 12:59:55.075775,2025-08-30,TopTenTradeScrips
705.1,2769,Nepal Hydro Developers Ltd.,11590,NHDL,2025-08-30 12:59:55.075775,2025-08-30,TopTenTradeScrips
947.0,2896,Sampada Laghubitta Bittiya Sanstha Limited,11148,SMPDA,2025-08-30 12:59:55.075775,2025-08-30,TopTenTradeScrips
437.5,9149,Maya Khola Hydropower Company Limited,11138,MKHC,2025-08-30 12:59:55.075775,2025-08-30,TopTenTradeScrips
600.0,471,Multipurpose Finance Company  Limited,11131,MPFL,2025-08-30 12:59:55.075775,2025-08-30,TopTenTradeScrips
966.0,545,Swarojgar Laghubitta Bittiya Sanstha Ltd.,11088,SLBBL,2025-08-30 12:59:55.075775,2025-08-30,TopTenTradeScrips
737.9,2935,Ru Ru Jalbidhyut Pariyojana Limited,11034,RURU,2025-08-30 12:59:55.075775,2025-08-30,TopTenTradeScrips
1290.0,2746,National Laghubitta Bittiya Sanstha Limited,10847,NMFBS,2025-08-30 12:59:55.075775,2025-08-30,TopTenTradeScrips
314.0,2754,Dibyashwori Hydropower Ltd.,10752,DHPL,2025-08-30 12:59:55.075775,2025-08-30,TopTenTradeScrips
467.0,250,Janaki Finance Company Limited,10725,JFL,2025-08-30 12:59:55.075775,2025-08-30,TopTenTradeScrips
504.0,2915,Prabhu Mahalaxmi Life Insurance Limited,10611,PMLI,2025-08-30 12:59:55.075775,2025-08-30,TopTenTradeScrips
256.1,2751,Khanikhola Hydropower Co. Ltd.,10582,KKHC,2025-08-30 12:59:55.075775,2025-08-30,TopTenTradeScrips
492.0,338,Progressive Finance Limited,10497,PROFL,2025-08-30 12:59:55.075775,2025-08-30,TopTenTradeScrips
1493.0,4951,Jeevan Bikas Laghubitta  Bittya Sanstha Ltd,10356,JBLB,2025-08-30 12:59:55.075775,2025-08-30,TopTenTradeScrips
1927.0,210,Citizen Investment Trust,10344,CIT,2025-08-30 12:59:55.075775,2025-08-30,TopTenTradeScrips
715.0,9171,Bhugol Energy Development Company Limited,10001,BEDC,2025-08-30 12:59:55.075775,2025-08-30,TopTenTradeScrips
1509.0,2804,Samudayik Laghubitta Bittiya Sanstha Limited,9974,SLBSL,2025-08-30 12:59:55.075775,2025-08-30,TopTenTradeScrips
676.3,396,Nerude Mirmire Laghubitta Bittiya Sanstha Limited,9875,NMLBBL,2025-08-30 12:59:55.075775,2025-08-30,TopTenTradeScrips
9.17,9257,MBL Equity Fund,9850,MBLEF,2025-08-30 12:59:55.075775,2025-08-30,TopTenTradeScrips
642.6,9150,Asian Hydropower Limited,9444,AHL,2025-08-30 12:59:55.075775,2025-08-30,TopTenTradeScrips
736.0,192,Shikhar Insurance Co. Ltd.,9430,SICL,2025-08-30 12:59:55.075775,2025-08-30,TopTenTradeScrips
9.25,9245,Muktinath Mutual Fund 1,9200,MNMF1,2025-08-30 12:59:55.075775,2025-08-30,TopTenTradeScrips
1061.0,593,Kalika Laghubitta Bittiya Sanstha Ltd,8838,KMCDB,2025-08-30 12:59:55.075775,2025-08-30,TopTenTradeScrips
630.1,232,Goodwill Finance Limited,8776,GFCL,2025-08-30 12:59:55.075775,2025-08-30,TopTenTradeScrips
880.0,9233,Nepal Warehousing Company Limited ,8371,NWCL,2025-08-30 12:59:55.075775,2025-08-30,TopTenTradeScrips
593.0,9225,Vision Lumbini Urja Company Limited ,8243,VLUCL,2025-08-30 12:59:55.075775,2025-08-30,TopTenTradeScrips
702.3,183,Neco Insurance Limited,8168,NIL,2025-08-30 12:59:55.075775,2025-08-30,TopTenTradeScrips
1474.0,2768,Mahuli Laghubitta Bittiya Sanstha Limited,8157,MSLB,2025-08-30 12:59:55.075775,2025-08-30,TopTenTradeScrips
530.5,204,Gurkhas Finance Ltd.,8114,GUFL,2025-08-30 12:59:55.075775,2025-08-30,TopTenTradeScrips
777.0,583,Grameen Bikas Laghubitta Bittiya Sanstha Ltd.,8015,GBLBS,2025-08-30 12:59:55.075775,2025-08-30,TopTenTradeScrips
868.2,188,Life Insurance Corporation (Nepal) Limited,7791,LICN,2025-08-30 12:59:55.075775,2025-08-30,TopTenTradeScrips
1297.0,705,Global IME Laghubitta Bittiya Sanstha Ltd.,7669,GILB,2025-08-30 12:59:55.075775,2025-08-30,TopTenTradeScrips
960.0,148,Taragaon Regency Hotel Limited,7639,TRH,2025-08-30 12:59:55.075775,2025-08-30,TopTenTradeScrips
2090.0,9246,Guardian Micro Life Insurance Limited ,7271,GMLI,2025-08-30 12:59:55.075775,2025-08-30,TopTenTradeScrips
739.1,9192,Upper Syange Hydropower Limited,7186,USHL,2025-08-30 12:59:55.075775,2025-08-30,TopTenTradeScrips
615.0,2887,NIC ASIA Laghubitta Bittiya Sanstha Limited,6918,NICLBSL,2025-08-30 12:59:55.075775,2025-08-30,TopTenTradeScrips
576.9,9170,Dolti Power Company Limited,6809,DOLTI,2025-08-30 12:59:55.075775,2025-08-30,TopTenTradeScrips
473.0,9218,Trishuli Jal Vidhyut Company Limited ,6792,TVCL,2025-08-30 12:59:55.075775,2025-08-30,TopTenTradeScrips
456.2,8133,Peoples Hydropower Company Limited,6627,PHCL,2025-08-30 12:59:55.075775,2025-08-30,TopTenTradeScrips
8.91,2863,NIC Asia Balanced Fund,6126,NICBF,2025-08-30 12:59:55.075775,2025-08-30,TopTenTradeScrips
448.0,9158,Molung Hydropower Company Limited,6112,MHCL,2025-08-30 12:59:55.075775,2025-08-30,TopTenTradeScrips
1025.0,8117,Aviyan Laghubitta Bittiya Sanstha Limited,5906,AVYAN,2025-08-30 12:59:55.075775,2025-08-30,TopTenTradeScrips
1726.0,8065,CYC Nepal Laghubitta Bittiya Sanstha Limited,5543,CYCL,2025-08-30 12:59:55.075775,2025-08-30,TopTenTradeScrips
163.2,469,Nepal Investment Mega Bank Ltd. Promoter Share,5440,NIMBPO,2025-08-30 12:59:55.075775,2025-08-30,TopTenTradeScrips
850.3,9212,Mandu Hydropower Limited,5276,MANDU,2025-08-30 12:59:55.075775,2025-08-30,TopTenTradeScrips
732.2,706,Suryodaya Womi Laghubitta Bittiya Sanstha Limited,4668,SWMF,2025-08-30 12:59:55.075775,2025-08-30,TopTenTradeScrips
1004.9,693,Himalayan Laghubitta Bittiya Sanstha Limited,4160,HLBSL,2025-08-30 12:59:55.075775,2025-08-30,TopTenTradeScrips
11.1,8106,Global IME Balanced Fund-1,4100,GIBF1,2025-08-30 12:59:55.075775,2025-08-30,TopTenTradeScrips
701.0,704,NMB  Microfinance Bittiya Sanstha Ltd.,4003,NMBMF,2025-08-30 12:59:55.075775,2025-08-30,TopTenTradeScrips
523.0,9175,Menchhiyam Hydropower Limited,3960,MCHL,2025-08-30 12:59:55.075775,2025-08-30,TopTenTradeScrips
678.0,9232,Chirkhwa Hydropower Limited ,3875,CKHL,2025-08-30 12:59:55.075775,2025-08-30,TopTenTradeScrips
8.73,4949,NIBL Samriddhi Fund -2,3800,NIBSF2,2025-08-30 12:59:55.075775,2025-08-30,TopTenTradeScrips
9.05,2933,Kumari Equity Fund,3510,KEF,2025-08-30 12:59:55.075775,2025-08-30,TopTenTradeScrips
771.0,9135,Barahi Hydropower Public Limited,3418,BHPL,2025-08-30 12:59:55.075775,2025-08-30,TopTenTradeScrips
1249.0,695,Janautthan Samudayic Laghubitta Bittya Sanstha Limited,3305,JSLBB,2025-08-30 12:59:55.075775,2025-08-30,TopTenTradeScrips
9.69,2877,Sunrise First Mutual Fund,3300,SFMF,2025-08-30 12:59:55.075775,2025-08-30,TopTenTradeScrips
570.0,9217,Mathillo Mailun Khola Jalvidhyut Limited,3292,MMKJL,2025-08-30 12:59:55.075775,2025-08-30,TopTenTradeScrips
815.0,687,Vijaya laghubitta Bittiya Sanstha Ltd.,3270,VLBS,2025-08-30 12:59:55.075775,2025-08-30,TopTenTradeScrips
11.63,9221,Himalayan 80-20,3198,H8020,2025-08-30 12:59:55.075775,2025-08-30,TopTenTradeScrips
1957.0,450,Corporate Development Bank Limited,3180,CORBL,2025-08-30 12:59:55.075775,2025-08-30,TopTenTradeScrips
1545.0,601,Mithila LaghuBitta Bittiya Sanstha Limited,3005,MLBBL,2025-08-30 12:59:55.075775,2025-08-30,TopTenTradeScrips
590.0,9166,Makar Jitumaya Suri Hydropower Limited,2990,MAKAR,2025-08-30 12:59:55.075775,2025-08-30,TopTenTradeScrips
1618.8,2815,Ganapati Laghubitta Bittiya Sanstha Limited,2974,GMFBS,2025-08-30 12:59:55.075775,2025-08-30,TopTenTradeScrips
1135.1,2758,Forward Microfinance Laghubitta Bittiya Sanstha Limited,2888,FOWAD,2025-08-30 12:59:55.075775,2025-08-30,TopTenTradeScrips
9.2,9259,Reliable Samriddhi Yojana,2800,RSY,2025-08-30 12:59:55.075775,2025-08-30,TopTenTradeScrips
1085.5,9151,Kalinchowk Darshan Limited,2791,KDL,2025-08-30 12:59:55.075775,2025-08-30,TopTenTradeScrips
2874.0,4965,Samaj Laghubittya Bittiya Sanstha Limited,2755,SAMAJ,2025-08-30 12:59:55.075775,2025-08-30,TopTenTradeScrips
8.9,8073,NIC Asia Flexi CAP Fund,2700,NICFC,2025-08-30 12:59:55.075775,2025-08-30,TopTenTradeScrips
563.1,9176,Ingwa Hydropower Limited,2619,IHL,2025-08-30 12:59:55.075775,2025-08-30,TopTenTradeScrips
969.0,9147,Shuvam Power Limited,2357,SPL,2025-08-30 12:59:55.075775,2025-08-30,TopTenTradeScrips
2111.7,2925,Mahila Lagubitta Bittiya Sanstha Limited ,2354,MLBSL,2025-08-30 12:59:55.075775,2025-08-30,TopTenTradeScrips
587.4,8131,Eastern Hydropower Limited,2305,EHPL,2025-08-30 12:59:55.075775,2025-08-30,TopTenTradeScrips
2182.0,2826,Gurans Laghubitta Bittiya Sanstha Limited,2260,GLBSL,2025-08-30 12:59:55.075775,2025-08-30,TopTenTradeScrips
796.5,9167,Mai Khola Hydropower Limited,2153,MKHL,2025-08-30 12:59:55.075775,2025-08-30,TopTenTradeScrips
1086.0,694,Matribhumi Lagubitta Bittiya Sanstha Limited,1987,MATRI,2025-08-30 12:59:55.075775,2025-08-30,TopTenTradeScrips
1430.0,8123,Dhaulagiri Laghubitta Bittiya Sanstha Limited,1889,DLBS,2025-08-30 12:59:55.075775,2025-08-30,TopTenTradeScrips
9.3,9138,NIBL Growth Fund,1800,NIBLGF,2025-08-30 12:59:55.075775,2025-08-30,TopTenTradeScrips
1094.0,2790,Aarambha Chautari Laghubitta Bittiya Sanstha Limited,1785,ACLBSL,2025-08-30 12:59:55.075775,2025-08-30,TopTenTradeScrips
1750.0,2829,Swabhimaan Laghubitta Bittiya Sanstha Limited,1753,SMFBS,2025-08-30 12:59:55.075775,2025-08-30,TopTenTradeScrips
9.39,9241,Kumari Sabal Yojana,1690,KSY,2025-08-30 12:59:55.075775,2025-08-30,TopTenTradeScrips
1550.2,8041,NESDO Sambridha Laghubitta Bittiya Sanstha Limited,1648,NESDO,2025-08-30 12:59:55.075775,2025-08-30,TopTenTradeScrips
1090.0,6984,8.75 % Prime Debenture 2085,1640,PBD85,2025-08-30 12:59:55.075775,2025-08-30,TopTenTradeScrips
1056.0,8034,Emerging Nepal Limited,1489,ENL,2025-08-30 12:59:55.075775,2025-08-30,TopTenTradeScrips
882.0,9148,Super Mai Hydropower Limited,1246,SMH,2025-08-30 12:59:55.075775,2025-08-30,TopTenTradeScrips
378.0,700,Himalayan Everest Insurance Limited Promoter,1210,HEIP,2025-08-30 12:59:55.075775,2025-08-30,TopTenTradeScrips
9.22,9154,Sunrise Focused Equity Fund,1200,SFEF,2025-08-30 12:59:55.075775,2025-08-30,TopTenTradeScrips
2138.5,2781,Wean Nepal Laghubitta Bittiya Sanstha Limited,1149,WNLB,2025-08-30 12:59:55.075775,2025-08-30,TopTenTradeScrips
8.91,4967,NIC Asia Select Fund 30,1100,NICSF,2025-08-30 12:59:55.075775,2025-08-30,TopTenTradeScrips
776.0,9181,Rawa Energy Development Limited,1094,RAWA,2025-08-30 12:59:55.075775,2025-08-30,TopTenTradeScrips
1898.0,8132,Shrijanshil Laghubitta Bittiya Sanstha Limited,1056,SHLB,2025-08-30 12:59:55.075775,2025-08-30,TopTenTradeScrips
5349.0,155,Salt Trading Corporation,1055,STC,2025-08-30 12:59:55.075775,2025-08-30,TopTenTradeScrips
905.2,9214,Bhagawati Hydropower Development Company Limited,1028,BGWT,2025-08-30 12:59:55.075775,2025-08-30,TopTenTradeScrips
8.75,9244,NIBL Stable Fund,1000,NIBLSTF,2025-08-30 12:59:55.075775,2025-08-30,TopTenTradeScrips
2088.1,9140,Unique Nepal Laghubitta Bittiya Sanstha Limited,977,UNLB,2025-08-30 12:59:55.075775,2025-08-30,TopTenTradeScrips
2282.0,2771,Support Microfinance Bittiya Sanstha Ltd.,928,SMB,2025-08-30 12:59:55.075775,2025-08-30,TopTenTradeScrips
1035.0,618,Laxmi Laghubitta Bittiya Sanstha Ltd.,920,LLBS,2025-08-30 12:59:55.075775,2025-08-30,TopTenTradeScrips
1075.0,8027,Nabil Debenture 2085,892,NBLD85,2025-08-30 12:59:55.075775,2025-08-30,TopTenTradeScrips
5890.0,9161,Aatmanirbhar Laghubitta Bittiya Sanstha Limited,819,ANLB,2025-08-30 12:59:55.075775,2025-08-30,TopTenTradeScrips
3608.0,8063,Upakar Laghubitta Bittiya Sanstha Limited,704,ULBSL,2025-08-30 12:59:55.075775,2025-08-30,TopTenTradeScrips
900.5,9215,Mid Solu Hydropower Limited,568,MSHL,2025-08-30 12:59:55.075775,2025-08-30,TopTenTradeScrips
5420.0,156,Bishal Bazar Company Limited,450,BBC,2025-08-30 12:59:55.075775,2025-08-30,TopTenTradeScrips
1010.0,9261,Nifra Green Energy Debenture 6% - 2088/89,439,NIFRAGED,2025-08-30 12:59:55.075775,2025-08-30,TopTenTradeScrips
1590.0,8018,Manushi Laghubitta Bittiya Sanstha Limited,410,MLBS,2025-08-30 12:59:55.075775,2025-08-30,TopTenTradeScrips
15645.0,177,Rastriya Beema Company Limited,335,RBCL,2025-08-30 12:59:55.075775,2025-08-30,TopTenTradeScrips
1101.0,8116,10.15% Prime Debenture 2084,235,PBD84,2025-08-30 12:59:55.075775,2025-08-30,TopTenTradeScrips
12900.0,634,Rastriya Beema Company Limited Promoter Share,210,RBCLPO,2025-08-30 12:59:55.075775,2025-08-30,TopTenTradeScrips
1900.0,9196,Kutheli Bukhari Small Hydropower Limited,172,KBSH,2025-08-30 12:59:55.075775,2025-08-30,TopTenTradeScrips
11950.0,213,Bottlers Nepal (Terai) Limited,130,BNT,2025-08-30 12:59:55.075775,2025-08-30,TopTenTradeScrips
994.1,9264,7% RBBL Debenture 2088,125,RBBD2088,2025-08-30 12:59:55.075775,2025-08-30,TopTenTradeScrips
1050.0,8033,"Garima Debenture, 2085",125,GBBD85,2025-08-30 12:59:55.075775,2025-08-30,TopTenTradeScrips
1060.1,2878,10.25% Sunrise Bank Debenture 2083,115,SRBLD83,2025-08-30 12:59:55.075775,2025-08-30,TopTenTradeScrips
1117.0,2889,10.25% Citizens Bank Debenture 2086,114,CIZBD86,2025-08-30 12:59:55.075775,2025-08-30,TopTenTradeScrips
1070.0,9249,9% ICFC Finance Limited Debenture 2088,101,ICFCD88,2025-08-30 12:59:55.075775,2025-08-30,TopTenTradeScrips
10.0,9269,Global IME Sammunat Yojana -2,100,GBIMESY2,2025-08-30 12:59:55.075775,2025-08-30,TopTenTradeScrips
1076.0,8110,10.25% Nepal SBI Bank Debenture 2083,100,SBID83,2025-08-30 12:59:55.075775,2025-08-30,TopTenTradeScrips
1007.2,9255,Everest Bank Limited Debenture 2091,75,EBLD91,2025-08-30 12:59:55.075775,2025-08-30,TopTenTradeScrips
1200.0,8127,11% KBL Debenture 2089,60,KBLD89,2025-08-30 12:59:55.075775,2025-08-30,TopTenTradeScrips
1060.0,2869,11% NIC Asia Debenture 082/83,50,NICAD8283,2025-08-30 12:59:55.075775,2025-08-30,TopTenTradeScrips
1115.2,8043,Civil Bank Debenture 2088,50,CBLD88,2025-08-30 12:59:55.075775,2025-08-30,TopTenTradeScrips
1038.1,4959,8.5% Nepal Bank Debenture 2087,50,NBLD87,2025-08-30 12:59:55.075775,2025-08-30,TopTenTradeScrips
1057.0,2864,10.25% SBL Debenture 2083,50,SBLD83,2025-08-30 12:59:55.075775,2025-08-30,TopTenTradeScrips
1100.0,2904,10% Prabhu Bank Debenture 2084 ,50,PBLD84,2025-08-30 12:59:55.075775,2025-08-30,TopTenTradeScrips
1088.0,4969,Muktinath Debenture 2084/85,50,MND84/85,2025-08-30 12:59:55.075775,2025-08-30,TopTenTradeScrips
16082.0,195,Bottlers Nepal (Balaju) Limited,32,BNL,2025-08-30 12:59:55.075775,2025-08-30,TopTenTradeScrips
1036.5,8044,Everest Bank Limited,30,EBLD86,2025-08-30 12:59:55.075775,2025-08-30,TopTenTradeScrips
1010.0,9152,"Everest Bank Limited Energy Bond, 2089",25,EBLEB89,2025-08-30 12:59:55.075775,2025-08-30,TopTenTradeScrips
1112.0,8097,10% Prime Debenture 2088,25,PBD88,2025-08-30 12:59:55.075775,2025-08-30,TopTenTradeScrips
1160.0,9243,10% NIMB Debenture 2090,25,NIMBD90,2025-08-30 12:59:55.075775,2025-08-30,TopTenTradeScrips
1126.0,8068,Century Debenture 2088,25,CCBD88,2025-08-30 12:59:55.075775,2025-08-30,TopTenTradeScrips
1060.0,2922,8.5% Sanima Debenture 2087,25,SBD87,2025-08-30 12:59:55.075775,2025-08-30,TopTenTradeScrips
1165.0,8119,10.50% Everest Bank Limited Debenture 2085,25,EBLD85,2025-08-30 12:59:55.075775,2025-08-30,TopTenTradeScrips
1030.0,9141,NIFRA Uraj Rinpatra7%-2085/86,25,NIFRAUR85/86,2025-08-30 12:59:55.075775,2025-08-30,TopTenTradeScrips
1095.0,8004,Global IME Bank Limited Debenture 2086/87,16,GBILD86/87,2025-08-30 12:59:55.075775,2025-08-30,TopTenTradeScrips
47980.8,219,Unilever Nepal Limited,10,UNL,2025-08-30 12:59:55.075775,2025-08-30,TopTenTradeScrips
